batch,rep,ali,sub,gene,nodeName,trueDate,nodeDate,lowCI,highCI
13,3,1,3,p17,Node_1_17_3246_3650,3246,1225.42,85.0404,1879.68
13,3,1,3,p17,Node_1_18_1781_1825,1781,1825,360.218,1825
13,3,1,3,p17,Node_1_72_2114_3650,2114,2254.69,748.302,3537.65
13,3,1,3,p17,Node_1_110_447_3650,447,411.806,-45,985.345
13,3,1,3,p17,Node_1_139_3074_3650,3074,1564.71,381.209,2883.3
13,3,1,3,p17,Node_1_284_196_1825,196,115.71,-45,290.258
13,3,1,3,p17,Node_1_287_1073_1825,1073,115.647,-45,613.663
13,3,1,3,p17,Node_1_353_1989_3650,1989,1705.18,539.08,3293.87
13,3,1,3,p17,Node_1_387_254_1825,254,529.84,90.195,1228.46
13,3,1,3,p17,Node_1_388_1507_1825,1507,998.239,41.3499,1825
13,3,1,3,p17,Node_1_468_1541_1825,1541,1825,1152.87,1825
13,3,1,3,p17,Node_1_533_474_3650,474,1007.79,40.9678,2109.36
13,3,1,3,p17,Node_1_550_3165_3650,3165,3650,2459.94,3650
13,3,1,3,p17,Node_1_597_3366_3650,3366,2945.07,1678.3,3650
13,3,1,3,p17,Node_1_601_136_3650,136,70.9878,-45,179.691
13,3,1,3,p17,Node_1_634_1037_1825,1037,684.529,43.896,1370.98
13,3,1,3,p17,Node_1_759_186_3650,186,-45,-45,121.024
13,3,1,3,p17,Node_1_888_434_3650,434,240.411,-45,365
13,3,1,3,p17,Node_1_947_2612_3650,2612,1999.13,1306.16,2948.15
13,3,1,3,p17,Node_1_963_416_3650,416,240.669,-45,1239.93
13,3,1,3,p17,Node_1_984_1703_1825,1703,1825,680.318,1825
13,3,1,3,p17,Node_1_1010_237_1825,237,-45,-45,277.168
13,3,1,3,p17,Node_1_1025_1229_1825,1229,1335.58,10.2188,1825
13,3,1,3,p17,Node_1_1175_1811_3650,1811,1439.88,-45,2630.32
13,3,1,3,p17,Node_1_1182_2618_3650,2618,1131.49,181.482,2424.46
13,3,1,3,p17,Node_1_1195_3636_3650,3636,3650,2242.25,3650
13,3,1,3,p17,Node_1_1207_2149_3650,2149,1084.93,291.5,1891.33
13,3,1,3,p17,Node_1_1244_147_3650,147,847.742,365,1095
13,3,1,3,p17,Node_1_1287_2902_3650,2902,2603.54,1447.54,3650
13,3,1,3,p17,Node_1_1289_2853_3650,2853,3650,1573.54,3650
13,3,2,3,p17,Node_1_17_3246_3650,3246,3022.34,1799.65,3650
13,3,2,3,p17,Node_1_18_1781_1825,1781,1825,1136.58,1825
13,3,2,3,p17,Node_1_72_2114_3650,2114,1989.43,724.222,3172.5
13,3,2,3,p17,Node_1_110_447_3650,447,57.8768,-45,735.6
13,3,2,3,p17,Node_1_139_3074_3650,3074,3481.7,1951.35,3650
13,3,2,3,p17,Node_1_284_196_1825,196,1637.15,770.271,1825
13,3,2,3,p17,Node_1_287_1073_1825,1073,1396.41,400.396,1825
13,3,2,3,p17,Node_1_353_1989_3650,1989,1657.33,262.697,3408.56
13,3,2,3,p17,Node_1_387_254_1825,254,-45,-45,273.58
13,3,2,3,p17,Node_1_388_1507_1825,1507,975.317,77.5835,1825
13,3,2,3,p17,Node_1_468_1541_1825,1541,1399.76,464.201,1825
13,3,2,3,p17,Node_1_533_474_3650,474,-45,-45,213.376
13,3,2,3,p17,Node_1_550_3165_3650,3165,2428.75,1250.55,3616.23
13,3,2,3,p17,Node_1_597_3366_3650,3366,3239.37,1305.34,3650
13,3,2,3,p17,Node_1_601_136_3650,136,256.26,-45,873.194
13,3,2,3,p17,Node_1_634_1037_1825,1037,1121.75,80.176,1825
13,3,2,3,p17,Node_1_759_186_3650,186,-45,-45,574.844
13,3,2,3,p17,Node_1_888_434_3650,434,-45,-45,213.376
13,3,2,3,p17,Node_1_947_2612_3650,2612,3650,2063.98,3650
13,3,2,3,p17,Node_1_963_416_3650,416,204.598,-45,597.651
13,3,2,3,p17,Node_1_984_1703_1825,1703,1825,679.714,1825
13,3,2,3,p17,Node_1_1010_237_1825,237,57.2243,-45,474.792
13,3,2,3,p17,Node_1_1025_1229_1825,1229,823.356,88.3604,1825
13,3,2,3,p17,Node_1_1175_1811_3650,1811,3650,1864.05,3650
13,3,2,3,p17,Node_1_1182_2618_3650,2618,2188.3,846.468,3650
13,3,2,3,p17,Node_1_1195_3636_3650,3636,3650,1935.94,3650
13,3,2,3,p17,Node_1_1207_2149_3650,2149,2316.61,821.422,3641.58
13,3,2,3,p17,Node_1_1244_147_3650,147,289.693,-45,1033.77
13,3,2,3,p17,Node_1_1287_2902_3650,2902,3650,1855.25,3650
13,3,2,3,p17,Node_1_1289_2853_3650,2853,2758.76,1340.87,3650
13,3,3,3,p17,Node_1_17_3246_3650,3246,3650,1637.22,3650
13,3,3,3,p17,Node_1_18_1781_1825,1781,648.785,-45,1296.28
13,3,3,3,p17,Node_1_72_2114_3650,2114,3650,1875.82,3650
13,3,3,3,p17,Node_1_110_447_3650,447,27.8142,-45,365
13,3,3,3,p17,Node_1_139_3074_3650,3074,779.524,-45,1918.25
13,3,3,3,p17,Node_1_284_196_1825,196,207.366,-45,792.658
13,3,3,3,p17,Node_1_287_1073_1825,1073,1378.15,475.261,1825
13,3,3,3,p17,Node_1_353_1989_3650,1989,1880.03,498.36,2845.81
13,3,3,3,p17,Node_1_387_254_1825,254,27.8142,-45,365
13,3,3,3,p17,Node_1_388_1507_1825,1507,1016.02,1.62486,1825
13,3,3,3,p17,Node_1_468_1541_1825,1541,1825,1039.64,1825
13,3,3,3,p17,Node_1_533_474_3650,474,817.504,-45,1922.09
13,3,3,3,p17,Node_1_550_3165_3650,3165,2427.93,1348.6,3513.08
13,3,3,3,p17,Node_1_597_3366_3650,3366,3650,1700.05,3650
13,3,3,3,p17,Node_1_601_136_3650,136,532.64,-45,1584.52
13,3,3,3,p17,Node_1_634_1037_1825,1037,1825,603.42,1825
13,3,3,3,p17,Node_1_759_186_3650,186,207.608,-45,835.033
13,3,3,3,p17,Node_1_888_434_3650,434,535.056,-45,1485.77
13,3,3,3,p17,Node_1_947_2612_3650,2612,2128.9,521.352,3306.84
13,3,3,3,p17,Node_1_963_416_3650,416,34.2533,-45,365
13,3,3,3,p17,Node_1_984_1703_1825,1703,957.622,233.92,1822
13,3,3,3,p17,Node_1_1010_237_1825,237,-45,-45,190.344
13,3,3,3,p17,Node_1_1025_1229_1825,1229,1825,389.7,1825
13,3,3,3,p17,Node_1_1175_1811_3650,1811,3142.22,2086.31,3650
13,3,3,3,p17,Node_1_1182_2618_3650,2618,539.163,-45,1454.63
13,3,3,3,p17,Node_1_1195_3636_3650,3636,3650,2227.48,3650
13,3,3,3,p17,Node_1_1207_2149_3650,2149,1344.01,197.898,2583.7
13,3,3,3,p17,Node_1_1244_147_3650,147,27.8142,-45,365
13,3,3,3,p17,Node_1_1287_2902_3650,2902,2061.84,933.33,3101.42
13,3,3,3,p17,Node_1_1289_2853_3650,2853,2470.24,836.503,3650
13,3,4,3,p17,Node_1_17_3246_3650,3246,3435.56,1025,3650
13,3,4,3,p17,Node_1_18_1781_1825,1781,1825,453.936,1825
13,3,4,3,p17,Node_1_72_2114_3650,2114,1765.99,534.613,2937.15
13,3,4,3,p17,Node_1_110_447_3650,447,568.983,-35.0695,1082.54
13,3,4,3,p17,Node_1_139_3074_3650,3074,2966.25,1312.69,3650
13,3,4,3,p17,Node_1_284_196_1825,196,-6.48677,-45,124.628
13,3,4,3,p17,Node_1_287_1073_1825,1073,152.907,-45,1144.38
13,3,4,3,p17,Node_1_353_1989_3650,1989,1905.92,959.811,3650
13,3,4,3,p17,Node_1_387_254_1825,254,138.027,-45,1324.44
13,3,4,3,p17,Node_1_388_1507_1825,1507,1825,197.239,1825
13,3,4,3,p17,Node_1_468_1541_1825,1541,709.157,77.7889,1449.74
13,3,4,3,p17,Node_1_533_474_3650,474,553.857,-45,1429.12
13,3,4,3,p17,Node_1_550_3165_3650,3165,3280.54,1445.53,3650
13,3,4,3,p17,Node_1_597_3366_3650,3366,2763.2,1292.02,3650
13,3,4,3,p17,Node_1_601_136_3650,136,315.634,-45,992.131
13,3,4,3,p17,Node_1_634_1037_1825,1037,959.172,37.8151,1825
13,3,4,3,p17,Node_1_759_186_3650,186,61.4499,-45,441.009
13,3,4,3,p17,Node_1_888_434_3650,434,648.023,-45,1370.56
13,3,4,3,p17,Node_1_947_2612_3650,2612,3650,2114.8,3650
13,3,4,3,p17,Node_1_963_416_3650,416,1296.59,365,2823.21
13,3,4,3,p17,Node_1_984_1703_1825,1703,1825,486.759,1825
13,3,4,3,p17,Node_1_1010_237_1825,237,367.735,-45,730
13,3,4,3,p17,Node_1_1025_1229_1825,1229,606.704,-35.0695,1787.61
13,3,4,3,p17,Node_1_1175_1811_3650,1811,1045.51,-45,2412.78
13,3,4,3,p17,Node_1_1182_2618_3650,2618,3650,2148.32,3650
13,3,4,3,p17,Node_1_1195_3636_3650,3636,3630.06,2358.7,3650
13,3,4,3,p17,Node_1_1207_2149_3650,2149,984.615,-45,2150.98
13,3,4,3,p17,Node_1_1244_147_3650,147,368.307,-45,892.303
13,3,4,3,p17,Node_1_1287_2902_3650,2902,3650,2101.04,3650
13,3,4,3,p17,Node_1_1289_2853_3650,2853,2424.31,1030.69,3597.13
13,3,5,3,p17,Node_1_17_3246_3650,3246,3650,1603.44,3650
13,3,5,3,p17,Node_1_18_1781_1825,1781,1565.92,340.479,1825
13,3,5,3,p17,Node_1_72_2114_3650,2114,1940.81,963.785,3484.64
13,3,5,3,p17,Node_1_110_447_3650,447,179.757,-45,1216.4
13,3,5,3,p17,Node_1_139_3074_3650,3074,2334.68,1237.41,3596.1
13,3,5,3,p17,Node_1_284_196_1825,196,856.408,212.208,1256.81
13,3,5,3,p17,Node_1_287_1073_1825,1073,779.924,-45,1750.04
13,3,5,3,p17,Node_1_353_1989_3650,1989,1367.58,422.773,2773.87
13,3,5,3,p17,Node_1_387_254_1825,254,140.999,-45,767.789
13,3,5,3,p17,Node_1_388_1507_1825,1507,1270.06,185.34,1825
13,3,5,3,p17,Node_1_468_1541_1825,1541,922.828,140.27,1809.53
13,3,5,3,p17,Node_1_533_474_3650,474,2085.42,706.274,3349.11
13,3,5,3,p17,Node_1_550_3165_3650,3165,2896.84,1877.73,3650
13,3,5,3,p17,Node_1_597_3366_3650,3366,3650,2229.54,3650
13,3,5,3,p17,Node_1_601_136_3650,136,-45,-45,391.048
13,3,5,3,p17,Node_1_634_1037_1825,1037,1101.67,167.65,1825
13,3,5,3,p17,Node_1_759_186_3650,186,-45,-45,416.584
13,3,5,3,p17,Node_1_888_434_3650,434,627.372,-45,1601.39
13,3,5,3,p17,Node_1_947_2612_3650,2612,2362.08,1345.2,3403.72
13,3,5,3,p17,Node_1_963_416_3650,416,-45,-45,391.048
13,3,5,3,p17,Node_1_984_1703_1825,1703,1825,474.412,1825
13,3,5,3,p17,Node_1_1010_237_1825,237,469.936,-45,1133.36
13,3,5,3,p17,Node_1_1025_1229_1825,1229,171.504,-45,685.717
13,3,5,3,p17,Node_1_1175_1811_3650,1811,2474.4,980.573,3650
13,3,5,3,p17,Node_1_1182_2618_3650,2618,3047.76,1339.51,3650
13,3,5,3,p17,Node_1_1195_3636_3650,3636,3650,2307.56,3650
13,3,5,3,p17,Node_1_1207_2149_3650,2149,3203.67,1566.54,3650
13,3,5,3,p17,Node_1_1244_147_3650,147,365.112,-45,365.112
13,3,5,3,p17,Node_1_1287_2902_3650,2902,3102.18,1271.18,3650
13,3,5,3,p17,Node_1_1289_2853_3650,2853,749.693,-31.6943,1494.77
13,3,6,3,p17,Node_1_17_3246_3650,3246,2589.68,868.78,3650
13,3,6,3,p17,Node_1_18_1781_1825,1781,1799.33,438.514,1825
13,3,6,3,p17,Node_1_72_2114_3650,2114,1947.82,614.783,3302.05
13,3,6,3,p17,Node_1_110_447_3650,447,831.03,235.197,1558.22
13,3,6,3,p17,Node_1_139_3074_3650,3074,3151.36,1825,3650
13,3,6,3,p17,Node_1_284_196_1825,196,101.067,-45,224.543
13,3,6,3,p17,Node_1_287_1073_1825,1073,1825,615.71,1825
13,3,6,3,p17,Node_1_353_1989_3650,1989,2033.32,626.959,3333.4
13,3,6,3,p17,Node_1_387_254_1825,254,1474.9,563.525,1825
13,3,6,3,p17,Node_1_388_1507_1825,1507,1825,305.222,1825
13,3,6,3,p17,Node_1_468_1541_1825,1541,1391.41,454.771,1825
13,3,6,3,p17,Node_1_533_474_3650,474,-0.271589,-45,467.141
13,3,6,3,p17,Node_1_550_3165_3650,3165,3650,2316.54,3650
13,3,6,3,p17,Node_1_597_3366_3650,3366,2691,1028.78,3650
13,3,6,3,p17,Node_1_601_136_3650,136,155.196,-45,285.622
13,3,6,3,p17,Node_1_634_1037_1825,1037,1137.52,49.9177,1825
13,3,6,3,p17,Node_1_759_186_3650,186,860.636,-31.9008,2189.74
13,3,6,3,p17,Node_1_888_434_3650,434,213.978,-45,901.573
13,3,6,3,p17,Node_1_947_2612_3650,2612,2323.52,775.305,3650
13,3,6,3,p17,Node_1_963_416_3650,416,101.067,-45,224.543
13,3,6,3,p17,Node_1_984_1703_1825,1703,1378.77,236.186,1825
13,3,6,3,p17,Node_1_1010_237_1825,237,356.871,-45,729.707
13,3,6,3,p17,Node_1_1025_1229_1825,1229,936.398,302.309,1661.87
13,3,6,3,p17,Node_1_1175_1811_3650,1811,424.06,-45,1145.9
13,3,6,3,p17,Node_1_1182_2618_3650,2618,1867.03,439.419,3220.4
13,3,6,3,p17,Node_1_1195_3636_3650,3636,3650,2369.47,3650
13,3,6,3,p17,Node_1_1207_2149_3650,2149,681.549,109.866,1528.38
13,3,6,3,p17,Node_1_1244_147_3650,147,424.06,-45,1203.33
13,3,6,3,p17,Node_1_1287_2902_3650,2902,2760.68,1055.63,3650
13,3,6,3,p17,Node_1_1289_2853_3650,2853,3650,1660.04,3650
13,3,7,3,p17,Node_1_17_3246_3650,3246,1438.57,44.1036,3197.72
13,3,7,3,p17,Node_1_18_1781_1825,1781,1825,446.964,1825
13,3,7,3,p17,Node_1_72_2114_3650,2114,866.073,37.9481,2199.28
13,3,7,3,p17,Node_1_110_447_3650,447,426.499,-45,1367.61
13,3,7,3,p17,Node_1_139_3074_3650,3074,3650,1826.44,3650
13,3,7,3,p17,Node_1_284_196_1825,196,391.136,-45,730
13,3,7,3,p17,Node_1_287_1073_1825,1073,-45,-45,754.48
13,3,7,3,p17,Node_1_353_1989_3650,1989,2562.8,750.005,3650
13,3,7,3,p17,Node_1_387_254_1825,254,-45,-45,501.988
13,3,7,3,p17,Node_1_388_1507_1825,1507,1066.06,261.641,1825
13,3,7,3,p17,Node_1_468_1541_1825,1541,947.208,225.778,1825
13,3,7,3,p17,Node_1_533_474_3650,474,-45,-45,817.715
13,3,7,3,p17,Node_1_550_3165_3650,3165,3396.31,2286.06,3650
13,3,7,3,p17,Node_1_597_3366_3650,3366,2864.86,1355.42,3650
13,3,7,3,p17,Node_1_601_136_3650,136,42.0792,-45,365
13,3,7,3,p17,Node_1_634_1037_1825,1037,774.106,15.6349,1825
13,3,7,3,p17,Node_1_759_186_3650,186,-45,-45,472.635
13,3,7,3,p17,Node_1_888_434_3650,434,88.756,-45,671.87
13,3,7,3,p17,Node_1_947_2612_3650,2612,3308.81,1990.41,3650
13,3,7,3,p17,Node_1_963_416_3650,416,1202.98,108.702,2465.96
13,3,7,3,p17,Node_1_984_1703_1825,1703,1168.86,136.38,1825
13,3,7,3,p17,Node_1_1010_237_1825,237,46.8968,-45,283.189
13,3,7,3,p17,Node_1_1025_1229_1825,1229,1825,1056.48,1825
13,3,7,3,p17,Node_1_1175_1811_3650,1811,1444.15,260.238,2867.77
13,3,7,3,p17,Node_1_1182_2618_3650,2618,3345.53,1400.78,3650
13,3,7,3,p17,Node_1_1195_3636_3650,3636,3650,2252.36,3650
13,3,7,3,p17,Node_1_1207_2149_3650,2149,3285.45,1350.23,3650
13,3,7,3,p17,Node_1_1244_147_3650,147,-45,-45,671.87
13,3,7,3,p17,Node_1_1287_2902_3650,2902,3485.94,2080.19,3650
13,3,7,3,p17,Node_1_1289_2853_3650,2853,1284.42,58.6616,2541.94
13,3,8,3,p17,Node_1_17_3246_3650,3246,2538.78,953.852,3650
13,3,8,3,p17,Node_1_18_1781_1825,1781,757.389,-45,1620.87
13,3,8,3,p17,Node_1_72_2114_3650,2114,609.471,-45,1502.96
13,3,8,3,p17,Node_1_110_447_3650,447,278.832,-45,730
13,3,8,3,p17,Node_1_139_3074_3650,3074,3320.02,1931.44,3650
13,3,8,3,p17,Node_1_284_196_1825,196,153.33,-45,365
13,3,8,3,p17,Node_1_287_1073_1825,1073,427.957,-45,1211.07
13,3,8,3,p17,Node_1_353_1989_3650,1989,2132.5,749.641,3650
13,3,8,3,p17,Node_1_387_254_1825,254,406.835,-45,1207.77
13,3,8,3,p17,Node_1_388_1507_1825,1507,1825,279.534,1825
13,3,8,3,p17,Node_1_468_1541_1825,1541,1331.99,702.566,1825
13,3,8,3,p17,Node_1_533_474_3650,474,-45,-45,249.623
13,3,8,3,p17,Node_1_550_3165_3650,3165,2887.7,1883.51,3650
13,3,8,3,p17,Node_1_597_3366_3650,3366,3650,1958.79,3650
13,3,8,3,p17,Node_1_601_136_3650,136,-45,-45,437.398
13,3,8,3,p17,Node_1_634_1037_1825,1037,1458.65,252.214,1825
13,3,8,3,p17,Node_1_759_186_3650,186,153.33,-45,365
13,3,8,3,p17,Node_1_888_434_3650,434,82.693,-45,365
13,3,8,3,p17,Node_1_947_2612_3650,2612,3486.85,1983.59,3650
13,3,8,3,p17,Node_1_963_416_3650,416,789.334,-45,1729.22
13,3,8,3,p17,Node_1_984_1703_1825,1703,1825,391.782,1825
13,3,8,3,p17,Node_1_1010_237_1825,237,548.227,-45,1326.62
13,3,8,3,p17,Node_1_1025_1229_1825,1229,168.498,-45,1245.33
13,3,8,3,p17,Node_1_1175_1811_3650,1811,3157.04,1370.56,3650
13,3,8,3,p17,Node_1_1182_2618_3650,2618,3138.33,1729.72,3650
13,3,8,3,p17,Node_1_1195_3636_3650,3636,3650,2425.66,3650
13,3,8,3,p17,Node_1_1207_2149_3650,2149,2467.73,914.393,3650
13,3,8,3,p17,Node_1_1244_147_3650,147,-45,-45,299.153
13,3,8,3,p17,Node_1_1287_2902_3650,2902,2593.72,878.225,3650
13,3,8,3,p17,Node_1_1289_2853_3650,2853,2597.54,1186.98,3650
13,3,9,3,p17,Node_1_17_3246_3650,3246,3650,1187,3650
13,3,9,3,p17,Node_1_18_1781_1825,1781,450.249,-45,1477.82
13,3,9,3,p17,Node_1_72_2114_3650,2114,1273.27,257.907,2643.12
13,3,9,3,p17,Node_1_110_447_3650,447,-45,-45,775.86
13,3,9,3,p17,Node_1_139_3074_3650,3074,1911.97,668.231,3537.34
13,3,9,3,p17,Node_1_284_196_1825,196,642.698,-45,1620.78
13,3,9,3,p17,Node_1_287_1073_1825,1073,306.478,-45,1533.03
13,3,9,3,p17,Node_1_353_1989_3650,1989,1781.71,69.8643,3038.39
13,3,9,3,p17,Node_1_387_254_1825,254,236.135,-45,984.198
13,3,9,3,p17,Node_1_388_1507_1825,1507,1825,416.308,1825
13,3,9,3,p17,Node_1_468_1541_1825,1541,1141.39,269.182,1825
13,3,9,3,p17,Node_1_533_474_3650,474,745.178,204.737,1095
13,3,9,3,p17,Node_1_550_3165_3650,3165,3650,2694.79,3650
13,3,9,3,p17,Node_1_597_3366_3650,3366,2551.85,1322.87,3650
13,3,9,3,p17,Node_1_601_136_3650,136,365.123,-45,365.123
13,3,9,3,p17,Node_1_634_1037_1825,1037,1825,576.264,1825
13,3,9,3,p17,Node_1_759_186_3650,186,-45,-45,982.424
13,3,9,3,p17,Node_1_888_434_3650,434,1025.83,165.267,1760.6
13,3,9,3,p17,Node_1_947_2612_3650,2612,2435.48,807.823,3650
13,3,9,3,p17,Node_1_963_416_3650,416,-45,-45,283.568
13,3,9,3,p17,Node_1_984_1703_1825,1703,1759.94,358.93,1825
13,3,9,3,p17,Node_1_1010_237_1825,237,283.948,-45,1066.13
13,3,9,3,p17,Node_1_1025_1229_1825,1229,1063.91,6.65277,1825
13,3,9,3,p17,Node_1_1175_1811_3650,1811,1767.45,471.502,3650
13,3,9,3,p17,Node_1_1182_2618_3650,2618,1435.06,284.578,2771.01
13,3,9,3,p17,Node_1_1195_3636_3650,3636,3650,2049.5,3650
13,3,9,3,p17,Node_1_1207_2149_3650,2149,3650,1940.03,3650
13,3,9,3,p17,Node_1_1244_147_3650,147,-0.548171,-45,205.497
13,3,9,3,p17,Node_1_1287_2902_3650,2902,3650,1918.33,3650
13,3,9,3,p17,Node_1_1289_2853_3650,2853,3005.29,1325.12,3650
13,3,10,3,p17,Node_1_17_3246_3650,3246,2413.28,1220.48,3650
13,3,10,3,p17,Node_1_18_1781_1825,1781,1115.98,202.794,1825
13,3,10,3,p17,Node_1_72_2114_3650,2114,1339.77,126.682,2796
13,3,10,3,p17,Node_1_110_447_3650,447,278.086,-45,751.593
13,3,10,3,p17,Node_1_139_3074_3650,3074,3650,2123.47,3650
13,3,10,3,p17,Node_1_284_196_1825,196,124.244,-45,350.512
13,3,10,3,p17,Node_1_287_1073_1825,1073,329.011,-45,883.261
13,3,10,3,p17,Node_1_353_1989_3650,1989,1074.26,123.872,2164.38
13,3,10,3,p17,Node_1_387_254_1825,254,1825,1153.92,1825
13,3,10,3,p17,Node_1_388_1507_1825,1507,1825,525.337,1825
13,3,10,3,p17,Node_1_468_1541_1825,1541,1603.01,914.464,1825
13,3,10,3,p17,Node_1_533_474_3650,474,1773.29,367.466,3390.74
13,3,10,3,p17,Node_1_550_3165_3650,3165,3650,2588.37,3650
13,3,10,3,p17,Node_1_597_3366_3650,3366,2202.6,905.787,3467
13,3,10,3,p17,Node_1_601_136_3650,136,544.854,-45,1112.3
13,3,10,3,p17,Node_1_634_1037_1825,1037,1465.65,287.392,1825
13,3,10,3,p17,Node_1_759_186_3650,186,347.836,-45,659.494
13,3,10,3,p17,Node_1_888_434_3650,434,1009.6,290.384,1797.54
13,3,10,3,p17,Node_1_947_2612_3650,2612,2417.95,1493.73,3530.05
13,3,10,3,p17,Node_1_963_416_3650,416,2366.25,1590.75,3296.71
13,3,10,3,p17,Node_1_984_1703_1825,1703,1825,709.459,1825
13,3,10,3,p17,Node_1_1010_237_1825,237,65.4365,-45,333.728
13,3,10,3,p17,Node_1_1025_1229_1825,1229,1070.39,77.483,1825
13,3,10,3,p17,Node_1_1175_1811_3650,1811,2551.63,723.44,3650
13,3,10,3,p17,Node_1_1182_2618_3650,2618,3650,1587.4,3650
13,3,10,3,p17,Node_1_1195_3636_3650,3636,3164.36,1743.33,3650
13,3,10,3,p17,Node_1_1207_2149_3650,2149,1698.75,614.646,2761.96
13,3,10,3,p17,Node_1_1244_147_3650,147,182.838,-45,420.992
13,3,10,3,p17,Node_1_1287_2902_3650,2902,3650,1638.68,3650
13,3,10,3,p17,Node_1_1289_2853_3650,2853,3650,1740.34,3650
13,3,11,3,p17,Node_1_17_3246_3650,3246,3264.38,1235.73,3650
13,3,11,3,p17,Node_1_18_1781_1825,1781,1825,270.327,1825
13,3,11,3,p17,Node_1_72_2114_3650,2114,1918.21,690.643,3516.2
13,3,11,3,p17,Node_1_110_447_3650,447,103.031,-45,976.399
13,3,11,3,p17,Node_1_139_3074_3650,3074,3650,1544.24,3650
13,3,11,3,p17,Node_1_284_196_1825,196,-45,-45,445.793
13,3,11,3,p17,Node_1_287_1073_1825,1073,701.073,85.4301,1548.42
13,3,11,3,p17,Node_1_353_1989_3650,1989,258.7,-45,1602.75
13,3,11,3,p17,Node_1_387_254_1825,254,697.934,128.729,1296.31
13,3,11,3,p17,Node_1_388_1507_1825,1507,1572.17,425.541,1825
13,3,11,3,p17,Node_1_468_1541_1825,1541,366.334,-45,1456.55
13,3,11,3,p17,Node_1_533_474_3650,474,120.091,-45,1068.48
13,3,11,3,p17,Node_1_550_3165_3650,3165,3650,2460.01,3650
13,3,11,3,p17,Node_1_597_3366_3650,3366,1985.09,665.29,3490.64
13,3,11,3,p17,Node_1_601_136_3650,136,-45,-45,657.815
13,3,11,3,p17,Node_1_634_1037_1825,1037,408.907,-45,1778.87
13,3,11,3,p17,Node_1_759_186_3650,186,-45,-45,498.774
13,3,11,3,p17,Node_1_888_434_3650,434,409.766,-45,1005.8
13,3,11,3,p17,Node_1_947_2612_3650,2612,1640.51,677.112,3168.75
13,3,11,3,p17,Node_1_963_416_3650,416,1963.74,649.933,3650
13,3,11,3,p17,Node_1_984_1703_1825,1703,1825,545.799,1825
13,3,11,3,p17,Node_1_1010_237_1825,237,-45,-45,361.316
13,3,11,3,p17,Node_1_1025_1229_1825,1229,878.789,-45,1825
13,3,11,3,p17,Node_1_1175_1811_3650,1811,589.706,-45,1302.02
13,3,11,3,p17,Node_1_1182_2618_3650,2618,3650,1844.8,3650
13,3,11,3,p17,Node_1_1195_3636_3650,3636,2614.7,1386.34,3650
13,3,11,3,p17,Node_1_1207_2149_3650,2149,2813.88,1368.82,3650
13,3,11,3,p17,Node_1_1244_147_3650,147,-45,-45,528.45
13,3,11,3,p17,Node_1_1287_2902_3650,2902,3650,1981,3650
13,3,11,3,p17,Node_1_1289_2853_3650,2853,1976.7,517.778,3199.8
13,3,12,3,p17,Node_1_17_3246_3650,3246,2683.64,1333.14,3650
13,3,12,3,p17,Node_1_18_1781_1825,1781,1606.71,427.879,1825
13,3,12,3,p17,Node_1_72_2114_3650,2114,2105.78,722.83,3650
13,3,12,3,p17,Node_1_110_447_3650,447,635.753,10.4159,1223.19
13,3,12,3,p17,Node_1_139_3074_3650,3074,3650,1844.48,3650
13,3,12,3,p17,Node_1_284_196_1825,196,323.086,-45,1078.03
13,3,12,3,p17,Node_1_287_1073_1825,1073,242.937,-45,701.188
13,3,12,3,p17,Node_1_353_1989_3650,1989,2070.86,630.269,3534.21
13,3,12,3,p17,Node_1_387_254_1825,254,-45,-45,108.084
13,3,12,3,p17,Node_1_388_1507_1825,1507,1825,472.508,1825
13,3,12,3,p17,Node_1_468_1541_1825,1541,1825,1110.02,1825
13,3,12,3,p17,Node_1_533_474_3650,474,-45,-45,267.973
13,3,12,3,p17,Node_1_550_3165_3650,3165,3650,2399.04,3650
13,3,12,3,p17,Node_1_597_3366_3650,3366,2326.84,985.596,3650
13,3,12,3,p17,Node_1_601_136_3650,136,-45,-45,706.713
13,3,12,3,p17,Node_1_634_1037_1825,1037,1773.36,425.168,1825
13,3,12,3,p17,Node_1_759_186_3650,186,573.977,32.8102,1446.26
13,3,12,3,p17,Node_1_888_434_3650,434,76.1041,-45,1556.86
13,3,12,3,p17,Node_1_947_2612_3650,2612,2074.6,1022.8,3650
13,3,12,3,p17,Node_1_963_416_3650,416,891.143,154.875,1697.36
13,3,12,3,p17,Node_1_984_1703_1825,1703,1260.11,315.409,1825
13,3,12,3,p17,Node_1_1010_237_1825,237,375.031,-45,1101.67
13,3,12,3,p17,Node_1_1025_1229_1825,1229,1825,417.598,1825
13,3,12,3,p17,Node_1_1175_1811_3650,1811,2687.12,1221.16,3650
13,3,12,3,p17,Node_1_1182_2618_3650,2618,2042.28,-45,3650
13,3,12,3,p17,Node_1_1195_3636_3650,3636,3008.23,1661.59,3650
13,3,12,3,p17,Node_1_1207_2149_3650,2149,2710.34,904.281,3650
13,3,12,3,p17,Node_1_1244_147_3650,147,475.258,-45,1050.06
13,3,12,3,p17,Node_1_1287_2902_3650,2902,3449.3,1838.01,3650
13,3,12,3,p17,Node_1_1289_2853_3650,2853,2775.01,1219.27,3650
13,3,13,3,p17,Node_1_17_3246_3650,3246,2098.22,501.254,3279.88
13,3,13,3,p17,Node_1_18_1781_1825,1781,1825,388.944,1825
13,3,13,3,p17,Node_1_72_2114_3650,2114,1174.93,-45,2490.24
13,3,13,3,p17,Node_1_110_447_3650,447,60.6006,-45,314.832
13,3,13,3,p17,Node_1_139_3074_3650,3074,3229.23,1518.4,3650
13,3,13,3,p17,Node_1_284_196_1825,196,-45,-45,967.372
13,3,13,3,p17,Node_1_287_1073_1825,1073,1619.31,82.5301,1825
13,3,13,3,p17,Node_1_353_1989_3650,1989,1768.54,485.534,3187.64
13,3,13,3,p17,Node_1_387_254_1825,254,1277.77,157.352,1825
13,3,13,3,p17,Node_1_388_1507_1825,1507,151.426,-45,598.096
13,3,13,3,p17,Node_1_468_1541_1825,1541,1650.89,1036.84,1825
13,3,13,3,p17,Node_1_533_474_3650,474,730.52,25.433,1281.37
13,3,13,3,p17,Node_1_550_3165_3650,3165,3650,2318.72,3650
13,3,13,3,p17,Node_1_597_3366_3650,3366,980.837,-45,2190.56
13,3,13,3,p17,Node_1_601_136_3650,136,326.973,-45,730
13,3,13,3,p17,Node_1_634_1037_1825,1037,684.048,-45,1706.58
13,3,13,3,p17,Node_1_759_186_3650,186,681.075,-45,1604.16
13,3,13,3,p17,Node_1_888_434_3650,434,411.535,-45,1277.06
13,3,13,3,p17,Node_1_947_2612_3650,2612,2568.14,1211.31,3650
13,3,13,3,p17,Node_1_963_416_3650,416,-45,-45,262.567
13,3,13,3,p17,Node_1_984_1703_1825,1703,1825,557.515,1825
13,3,13,3,p17,Node_1_1010_237_1825,237,-45,-45,295.688
13,3,13,3,p17,Node_1_1025_1229_1825,1229,865.372,43.8121,1825
13,3,13,3,p17,Node_1_1175_1811_3650,1811,1418.42,148.897,2821.52
13,3,13,3,p17,Node_1_1182_2618_3650,2618,2897.87,1238.66,3650
13,3,13,3,p17,Node_1_1195_3636_3650,3636,3650,2064.93,3650
13,3,13,3,p17,Node_1_1207_2149_3650,2149,3387.69,1622.38,3650
13,3,13,3,p17,Node_1_1244_147_3650,147,-45,-45,370.545
13,3,13,3,p17,Node_1_1287_2902_3650,2902,2722.84,666.304,3650
13,3,13,3,p17,Node_1_1289_2853_3650,2853,2640.67,22.3513,3650
13,3,14,3,p17,Node_1_17_3246_3650,3246,1849.66,263.022,3650
13,3,14,3,p17,Node_1_18_1781_1825,1781,1603.56,238.767,1825
13,3,14,3,p17,Node_1_72_2114_3650,2114,3441.33,1825,3650
13,3,14,3,p17,Node_1_110_447_3650,447,1075.86,320.349,2001.35
13,3,14,3,p17,Node_1_139_3074_3650,3074,3650,1572.22,3650
13,3,14,3,p17,Node_1_284_196_1825,196,-45,-45,633.305
13,3,14,3,p17,Node_1_287_1073_1825,1073,995.583,-45,1825
13,3,14,3,p17,Node_1_353_1989_3650,1989,2407.67,952.557,3650
13,3,14,3,p17,Node_1_387_254_1825,254,-45,-45,842.197
13,3,14,3,p17,Node_1_388_1507_1825,1507,262.367,-45,1232.21
13,3,14,3,p17,Node_1_468_1541_1825,1541,571.575,10.3538,1005.93
13,3,14,3,p17,Node_1_533_474_3650,474,-45,-45,583.216
13,3,14,3,p17,Node_1_550_3165_3650,3165,3650,2655.51,3650
13,3,14,3,p17,Node_1_597_3366_3650,3366,2529.52,1086.56,3650
13,3,14,3,p17,Node_1_601_136_3650,136,-45,-45,285.621
13,3,14,3,p17,Node_1_634_1037_1825,1037,1658.58,357.888,1825
13,3,14,3,p17,Node_1_759_186_3650,186,-45,-45,566.546
13,3,14,3,p17,Node_1_888_434_3650,434,664.947,-45,1865.67
13,3,14,3,p17,Node_1_947_2612_3650,2612,2481.96,1020.16,3650
13,3,14,3,p17,Node_1_963_416_3650,416,643.958,-45,1556.35
13,3,14,3,p17,Node_1_984_1703_1825,1703,1659.68,625.583,1825
13,3,14,3,p17,Node_1_1010_237_1825,237,-45,-45,583.216
13,3,14,3,p17,Node_1_1025_1229_1825,1229,1825,675.47,1825
13,3,14,3,p17,Node_1_1175_1811_3650,1811,1679.61,597.792,3038.5
13,3,14,3,p17,Node_1_1182_2618_3650,2618,2217.13,844.905,3650
13,3,14,3,p17,Node_1_1195_3636_3650,3636,2384.33,1343.71,3650
13,3,14,3,p17,Node_1_1207_2149_3650,2149,1616.86,389.008,3638.12
13,3,14,3,p17,Node_1_1244_147_3650,147,-45,-45,556.705
13,3,14,3,p17,Node_1_1287_2902_3650,2902,3650,2178.45,3650
13,3,14,3,p17,Node_1_1289_2853_3650,2853,3625.74,2093.46,3650
13,3,15,3,p17,Node_1_17_3246_3650,3246,3650,1400.65,3650
13,3,15,3,p17,Node_1_18_1781_1825,1781,1825,-17.5895,1825
13,3,15,3,p17,Node_1_72_2114_3650,2114,2689.23,748.563,3650
13,3,15,3,p17,Node_1_110_447_3650,447,156.15,-45,1060.15
13,3,15,3,p17,Node_1_139_3074_3650,3074,2670.82,1426.78,3650
13,3,15,3,p17,Node_1_284_196_1825,196,-45,-45,288.332
13,3,15,3,p17,Node_1_287_1073_1825,1073,1413.19,206.067,1825
13,3,15,3,p17,Node_1_353_1989_3650,1989,1395.34,143.68,2895.16
13,3,15,3,p17,Node_1_387_254_1825,254,1295.59,162.55,1825
13,3,15,3,p17,Node_1_388_1507_1825,1507,1510.45,36.7108,1825
13,3,15,3,p17,Node_1_468_1541_1825,1541,442.059,-45,958.635
13,3,15,3,p17,Node_1_533_474_3650,474,1259.93,23.1027,2436.75
13,3,15,3,p17,Node_1_550_3165_3650,3165,3650,2161.27,3650
13,3,15,3,p17,Node_1_597_3366_3650,3366,3650,1957.57,3650
13,3,15,3,p17,Node_1_601_136_3650,136,162.623,-45,914.121
13,3,15,3,p17,Node_1_634_1037_1825,1037,1007.47,-45,1825
13,3,15,3,p17,Node_1_759_186_3650,186,570.349,-45,1727.25
13,3,15,3,p17,Node_1_888_434_3650,434,372.267,-45,1057.48
13,3,15,3,p17,Node_1_947_2612_3650,2612,3218.94,1325.07,3650
13,3,15,3,p17,Node_1_963_416_3650,416,57.3374,-45,365
13,3,15,3,p17,Node_1_984_1703_1825,1703,1825,512.046,1825
13,3,15,3,p17,Node_1_1010_237_1825,237,-45,-45,487.218
13,3,15,3,p17,Node_1_1025_1229_1825,1229,1825,-45,1825
13,3,15,3,p17,Node_1_1175_1811_3650,1811,1407.03,-12.7097,3202.8
13,3,15,3,p17,Node_1_1182_2618_3650,2618,2649.99,850.81,3650
13,3,15,3,p17,Node_1_1195_3636_3650,3636,3650,1748.4,3650
13,3,15,3,p17,Node_1_1207_2149_3650,2149,1992.56,448.892,3650
13,3,15,3,p17,Node_1_1244_147_3650,147,-45,-45,323.514
13,3,15,3,p17,Node_1_1287_2902_3650,2902,2271.06,454.1,3650
13,3,15,3,p17,Node_1_1289_2853_3650,2853,3650,1255.89,3650
13,3,16,3,p17,Node_1_17_3246_3650,3246,2502.51,669.316,3650
13,3,16,3,p17,Node_1_18_1781_1825,1781,945.375,51.8753,1825
13,3,16,3,p17,Node_1_72_2114_3650,2114,3513.27,1854.64,3650
13,3,16,3,p17,Node_1_110_447_3650,447,256.132,31.0318,365
13,3,16,3,p17,Node_1_139_3074_3650,3074,2123.38,940.842,3481.28
13,3,16,3,p17,Node_1_284_196_1825,196,147.153,-45,357.883
13,3,16,3,p17,Node_1_287_1073_1825,1073,1028.6,401.109,1807.28
13,3,16,3,p17,Node_1_353_1989_3650,1989,2172.04,948.781,3616.66
13,3,16,3,p17,Node_1_387_254_1825,254,18.1368,-45,225.302
13,3,16,3,p17,Node_1_388_1507_1825,1507,760.715,-3.42591,1608.09
13,3,16,3,p17,Node_1_468_1541_1825,1541,1266.18,588.285,1825
13,3,16,3,p17,Node_1_533_474_3650,474,218.71,-21.5209,365
13,3,16,3,p17,Node_1_550_3165_3650,3165,2670.71,1551.04,3650
13,3,16,3,p17,Node_1_597_3366_3650,3366,3650,2444.58,3650
13,3,16,3,p17,Node_1_601_136_3650,136,147.153,-45,357.883
13,3,16,3,p17,Node_1_634_1037_1825,1037,709.066,123.223,1449.39
13,3,16,3,p17,Node_1_759_186_3650,186,147.153,-45,357.883
13,3,16,3,p17,Node_1_888_434_3650,434,1216.3,139.638,2348.65
13,3,16,3,p17,Node_1_947_2612_3650,2612,2704.37,1521.84,3650
13,3,16,3,p17,Node_1_963_416_3650,416,150.665,-45,738.356
13,3,16,3,p17,Node_1_984_1703_1825,1703,1437.95,599.226,1825
13,3,16,3,p17,Node_1_1010_237_1825,237,530.696,99.8902,1036.02
13,3,16,3,p17,Node_1_1025_1229_1825,1229,622.587,-45,1792.41
13,3,16,3,p17,Node_1_1175_1811_3650,1811,3034.92,1590.81,3650
13,3,16,3,p17,Node_1_1182_2618_3650,2618,1292.37,11.1275,2574.45
13,3,16,3,p17,Node_1_1195_3636_3650,3636,3650,2482.44,3650
13,3,16,3,p17,Node_1_1207_2149_3650,2149,2247.45,725.928,3650
13,3,16,3,p17,Node_1_1244_147_3650,147,290.266,-13.0339,365
13,3,16,3,p17,Node_1_1287_2902_3650,2902,3650,1766.85,3650
13,3,16,3,p17,Node_1_1289_2853_3650,2853,3650,2046,3650
13,3,17,3,p17,Node_1_17_3246_3650,3246,3650,1721.58,3650
13,3,17,3,p17,Node_1_18_1781_1825,1781,1825,519.449,1825
13,3,17,3,p17,Node_1_72_2114_3650,2114,250.981,-45,941.088
13,3,17,3,p17,Node_1_110_447_3650,447,-45,-45,484.284
13,3,17,3,p17,Node_1_139_3074_3650,3074,3650,1480.29,3650
13,3,17,3,p17,Node_1_284_196_1825,196,-45,-45,282.36
13,3,17,3,p17,Node_1_287_1073_1825,1073,1083.59,15.7272,1825
13,3,17,3,p17,Node_1_353_1989_3650,1989,2134.32,684.531,3650
13,3,17,3,p17,Node_1_387_254_1825,254,62.9945,-45,1214.47
13,3,17,3,p17,Node_1_388_1507_1825,1507,705.962,-45,1765.17
13,3,17,3,p17,Node_1_468_1541_1825,1541,1248.22,178.271,1825
13,3,17,3,p17,Node_1_533_474_3650,474,124.532,-45,365
13,3,17,3,p17,Node_1_550_3165_3650,3165,3650,2608.5,3650
13,3,17,3,p17,Node_1_597_3366_3650,3366,3650,1814.33,3650
13,3,17,3,p17,Node_1_601_136_3650,136,-45,-45,634.319
13,3,17,3,p17,Node_1_634_1037_1825,1037,1825,331.282,1825
13,3,17,3,p17,Node_1_759_186_3650,186,1014.84,250.517,2004.13
13,3,17,3,p17,Node_1_888_434_3650,434,-45,-45,248.453
13,3,17,3,p17,Node_1_947_2612_3650,2612,2869.48,1558.16,3650
13,3,17,3,p17,Node_1_963_416_3650,416,2299.56,1136.88,3650
13,3,17,3,p17,Node_1_984_1703_1825,1703,1350.9,274.395,1825
13,3,17,3,p17,Node_1_1010_237_1825,237,154.165,-45,667.269
13,3,17,3,p17,Node_1_1025_1229_1825,1229,1305.64,361.649,1825
13,3,17,3,p17,Node_1_1175_1811_3650,1811,1675.47,330.101,3296.34
13,3,17,3,p17,Node_1_1182_2618_3650,2618,3650,1596.03,3650
13,3,17,3,p17,Node_1_1195_3636_3650,3636,3650,2315.09,3650
13,3,17,3,p17,Node_1_1207_2149_3650,2149,627.976,-45,2004.4
13,3,17,3,p17,Node_1_1244_147_3650,147,-45,-45,510.856
13,3,17,3,p17,Node_1_1287_2902_3650,2902,3650,1324.75,3650
13,3,17,3,p17,Node_1_1289_2853_3650,2853,3413.91,1485.91,3650
13,3,18,3,p17,Node_1_17_3246_3650,3246,2266.35,532.875,3650
13,3,18,3,p17,Node_1_18_1781_1825,1781,1825,333.429,1825
13,3,18,3,p17,Node_1_72_2114_3650,2114,2831.85,1217,3650
13,3,18,3,p17,Node_1_110_447_3650,447,1087.69,32.8806,2440.27
13,3,18,3,p17,Node_1_139_3074_3650,3074,2006.05,138.654,3650
13,3,18,3,p17,Node_1_284_196_1825,196,255.513,-45,605.556
13,3,18,3,p17,Node_1_287_1073_1825,1073,1007.48,46.2263,1825
13,3,18,3,p17,Node_1_353_1989_3650,1989,2893.63,1139.76,3650
13,3,18,3,p17,Node_1_387_254_1825,254,-45,-45,802.335
13,3,18,3,p17,Node_1_388_1507_1825,1507,1120.88,-45,1825
13,3,18,3,p17,Node_1_468_1541_1825,1541,7.95773,-45,628.267
13,3,18,3,p17,Node_1_533_474_3650,474,734.876,-45,2329.16
13,3,18,3,p17,Node_1_550_3165_3650,3165,1409.08,-31.3407,2984.13
13,3,18,3,p17,Node_1_597_3366_3650,3366,2997.04,537.209,3650
13,3,18,3,p17,Node_1_601_136_3650,136,-45,-45,724.777
13,3,18,3,p17,Node_1_634_1037_1825,1037,1825,247.883,1825
13,3,18,3,p17,Node_1_759_186_3650,186,-17.9943,-45,365
13,3,18,3,p17,Node_1_888_434_3650,434,20.0428,-45,365
13,3,18,3,p17,Node_1_947_2612_3650,2612,3545.27,1777.36,3650
13,3,18,3,p17,Node_1_963_416_3650,416,-39.7197,-45,833.459
13,3,18,3,p17,Node_1_984_1703_1825,1703,1825,408.844,1825
13,3,18,3,p17,Node_1_1010_237_1825,237,-45,-45,809.865
13,3,18,3,p17,Node_1_1025_1229_1825,1229,590.122,-45,1825
13,3,18,3,p17,Node_1_1175_1811_3650,1811,1924.43,515.048,3650
13,3,18,3,p17,Node_1_1182_2618_3650,2618,3650,1515.42,3650
13,3,18,3,p17,Node_1_1195_3636_3650,3636,3650,2533.83,3650
13,3,18,3,p17,Node_1_1207_2149_3650,2149,2499.01,969.119,3650
13,3,18,3,p17,Node_1_1244_147_3650,147,-45,-45,764.541
13,3,18,3,p17,Node_1_1287_2902_3650,2902,3474.76,958.346,3650
13,3,18,3,p17,Node_1_1289_2853_3650,2853,1106.6,206.454,1755.25
13,3,19,3,p17,Node_1_17_3246_3650,3246,1927.84,681.19,3354
13,3,19,3,p17,Node_1_18_1781_1825,1781,1825,550.239,1825
13,3,19,3,p17,Node_1_72_2114_3650,2114,2466.61,549.792,3650
13,3,19,3,p17,Node_1_110_447_3650,447,666.431,-45,2056.35
13,3,19,3,p17,Node_1_139_3074_3650,3074,3650,2068.97,3650
13,3,19,3,p17,Node_1_284_196_1825,196,540.587,-45,1044.64
13,3,19,3,p17,Node_1_287_1073_1825,1073,359.683,-45,1092.52
13,3,19,3,p17,Node_1_353_1989_3650,1989,1927.14,705.702,3650
13,3,19,3,p17,Node_1_387_254_1825,254,48.809,-45,365
13,3,19,3,p17,Node_1_388_1507_1825,1507,1189.66,3.9331,1825
13,3,19,3,p17,Node_1_468_1541_1825,1541,1428.36,473.944,1825
13,3,19,3,p17,Node_1_533_474_3650,474,392.443,-45,1471.62
13,3,19,3,p17,Node_1_550_3165_3650,3165,2777.93,1562.75,3580.04
13,3,19,3,p17,Node_1_597_3366_3650,3366,3650,1983.83,3650
13,3,19,3,p17,Node_1_601_136_3650,136,-45,-45,534.599
13,3,19,3,p17,Node_1_634_1037_1825,1037,371.756,-45,961.49
13,3,19,3,p17,Node_1_759_186_3650,186,-45,-45,585.103
13,3,19,3,p17,Node_1_888_434_3650,434,-45,-45,742.831
13,3,19,3,p17,Node_1_947_2612_3650,2612,2398.95,881.735,3650
13,3,19,3,p17,Node_1_963_416_3650,416,85.3573,-45,601.733
13,3,19,3,p17,Node_1_984_1703_1825,1703,1782.2,86.8092,1825
13,3,19,3,p17,Node_1_1010_237_1825,237,48.809,-45,365
13,3,19,3,p17,Node_1_1025_1229_1825,1229,654.694,-45,1676.74
13,3,19,3,p17,Node_1_1175_1811_3650,1811,2465.03,1005.66,3650
13,3,19,3,p17,Node_1_1182_2618_3650,2618,3650,1554.59,3650
13,3,19,3,p17,Node_1_1195_3636_3650,3636,2723.68,1374.67,3650
13,3,19,3,p17,Node_1_1207_2149_3650,2149,3086.03,1580.4,3650
13,3,19,3,p17,Node_1_1244_147_3650,147,-45,-45,441.637
13,3,19,3,p17,Node_1_1287_2902_3650,2902,3076.16,1657.71,3650
13,3,19,3,p17,Node_1_1289_2853_3650,2853,3650,1819.86,3650
13,3,20,3,p17,Node_1_17_3246_3650,3246,3650,1776.94,3650
13,3,20,3,p17,Node_1_18_1781_1825,1781,1143.69,18.1427,1825
13,3,20,3,p17,Node_1_72_2114_3650,2114,1482.97,402.294,2653
13,3,20,3,p17,Node_1_110_447_3650,447,792.121,72.1394,1748.12
13,3,20,3,p17,Node_1_139_3074_3650,3074,3650,2499.03,3650
13,3,20,3,p17,Node_1_284_196_1825,196,594.33,66.2175,1121.36
13,3,20,3,p17,Node_1_287_1073_1825,1073,195.701,-45,698.791
13,3,20,3,p17,Node_1_353_1989_3650,1989,1544.21,285.162,2738.19
13,3,20,3,p17,Node_1_387_254_1825,254,1.47109,-45,145.195
13,3,20,3,p17,Node_1_388_1507_1825,1507,303.868,-45,912.508
13,3,20,3,p17,Node_1_468_1541_1825,1541,1825,1200.47,1825
13,3,20,3,p17,Node_1_533_474_3650,474,622.019,-0.260149,1486.54
13,3,20,3,p17,Node_1_550_3165_3650,3165,3292.03,1903.48,3650
13,3,20,3,p17,Node_1_597_3366_3650,3366,2616.87,902.279,3650
13,3,20,3,p17,Node_1_601_136_3650,136,-45,-45,309.783
13,3,20,3,p17,Node_1_634_1037_1825,1037,694.076,-45,1825
13,3,20,3,p17,Node_1_759_186_3650,186,452.49,90.0404,730
13,3,20,3,p17,Node_1_888_434_3650,434,-30.1814,-45,470.431
13,3,20,3,p17,Node_1_947_2612_3650,2612,2191.17,1286.32,3094.62
13,3,20,3,p17,Node_1_963_416_3650,416,870.687,-45,2065.37
13,3,20,3,p17,Node_1_984_1703_1825,1703,1080.68,76.3668,1825
13,3,20,3,p17,Node_1_1010_237_1825,237,-45,-45,171.203
13,3,20,3,p17,Node_1_1025_1229_1825,1229,1825,635.871,1825
13,3,20,3,p17,Node_1_1175_1811_3650,1811,2269.18,947.461,3650
13,3,20,3,p17,Node_1_1182_2618_3650,2618,3117.11,1273.22,3650
13,3,20,3,p17,Node_1_1195_3636_3650,3636,3650,2329.16,3650
13,3,20,3,p17,Node_1_1207_2149_3650,2149,3305.3,1523.74,3650
13,3,20,3,p17,Node_1_1244_147_3650,147,-45,-45,176.69
13,3,20,3,p17,Node_1_1287_2902_3650,2902,3650,2014.83,3650
13,3,20,3,p17,Node_1_1289_2853_3650,2853,2988.35,1815.68,3650
13,3,21,3,p17,Node_1_17_3246_3650,3246,3650,1429.31,3650
13,3,21,3,p17,Node_1_18_1781_1825,1781,1825,93.481,1825
13,3,21,3,p17,Node_1_72_2114_3650,2114,1421.02,54.6611,3109.99
13,3,21,3,p17,Node_1_110_447_3650,447,-45,-45,522.242
13,3,21,3,p17,Node_1_139_3074_3650,3074,3350.75,1836.59,3650
13,3,21,3,p17,Node_1_284_196_1825,196,30.6704,-45,365
13,3,21,3,p17,Node_1_287_1073_1825,1073,-45,-45,399.573
13,3,21,3,p17,Node_1_353_1989_3650,1989,3650,1542.51,3650
13,3,21,3,p17,Node_1_387_254_1825,254,-45,-45,365
13,3,21,3,p17,Node_1_388_1507_1825,1507,820.611,-45,1823.45
13,3,21,3,p17,Node_1_468_1541_1825,1541,1825,897.574,1825
13,3,21,3,p17,Node_1_533_474_3650,474,533.218,-45,1095
13,3,21,3,p17,Node_1_550_3165_3650,3165,1835.79,372.449,3574.62
13,3,21,3,p17,Node_1_597_3366_3650,3366,3650,1223.37,3650
13,3,21,3,p17,Node_1_601_136_3650,136,43.2906,-45,356.083
13,3,21,3,p17,Node_1_634_1037_1825,1037,817.924,-45,1825
13,3,21,3,p17,Node_1_759_186_3650,186,104.535,-45,365
13,3,21,3,p17,Node_1_888_434_3650,434,141.072,-45,861.811
13,3,21,3,p17,Node_1_947_2612_3650,2612,1521.36,471.407,2499.61
13,3,21,3,p17,Node_1_963_416_3650,416,249.389,-45,1259.68
13,3,21,3,p17,Node_1_984_1703_1825,1703,1164.47,-45,1825
13,3,21,3,p17,Node_1_1010_237_1825,237,86.4447,-45,365
13,3,21,3,p17,Node_1_1025_1229_1825,1229,-45,-45,540.71
13,3,21,3,p17,Node_1_1175_1811_3650,1811,830.488,-45,2035.35
13,3,21,3,p17,Node_1_1182_2618_3650,2618,2211.35,367.024,3650
13,3,21,3,p17,Node_1_1195_3636_3650,3636,3650,1541.14,3650
13,3,21,3,p17,Node_1_1207_2149_3650,2149,3650,1415.52,3650
13,3,21,3,p17,Node_1_1244_147_3650,147,278.948,-45,1142.86
13,3,21,3,p17,Node_1_1287_2902_3650,2902,3650,1353.86,3650
13,3,21,3,p17,Node_1_1289_2853_3650,2853,2010.33,525.722,3362.96
13,3,22,3,p17,Node_1_17_3246_3650,3246,3139.54,1539.87,3650
13,3,22,3,p17,Node_1_18_1781_1825,1781,1825,475.157,1825
13,3,22,3,p17,Node_1_72_2114_3650,2114,1508.05,642.04,2611.31
13,3,22,3,p17,Node_1_110_447_3650,447,374.051,-45,982.097
13,3,22,3,p17,Node_1_139_3074_3650,3074,1966.18,914.34,3468.29
13,3,22,3,p17,Node_1_284_196_1825,196,121.599,-45,398.102
13,3,22,3,p17,Node_1_287_1073_1825,1073,915.626,62.7694,1722.62
13,3,22,3,p17,Node_1_353_1989_3650,1989,2211.99,836.644,3650
13,3,22,3,p17,Node_1_387_254_1825,254,-45,-45,187.331
13,3,22,3,p17,Node_1_388_1507_1825,1507,1825,228.054,1825
13,3,22,3,p17,Node_1_468_1541_1825,1541,1825,1181.51,1825
13,3,22,3,p17,Node_1_533_474_3650,474,321.46,-45,365
13,3,22,3,p17,Node_1_550_3165_3650,3165,2049.4,815.325,3339.61
13,3,22,3,p17,Node_1_597_3366_3650,3366,2741.39,1049.83,3650
13,3,22,3,p17,Node_1_601_136_3650,136,-45,-45,131.126
13,3,22,3,p17,Node_1_634_1037_1825,1037,1186.35,274.186,1825
13,3,22,3,p17,Node_1_759_186_3650,186,-45,-45,164.487
13,3,22,3,p17,Node_1_888_434_3650,434,1088.98,179.381,1963.22
13,3,22,3,p17,Node_1_947_2612_3650,2612,1630.82,504.242,2709.66
13,3,22,3,p17,Node_1_963_416_3650,416,235.884,-45,904.522
13,3,22,3,p17,Node_1_984_1703_1825,1703,1825,441.434,1825
13,3,22,3,p17,Node_1_1010_237_1825,237,761.932,-31.0952,1825
13,3,22,3,p17,Node_1_1025_1229_1825,1229,599.56,-45,1176.54
13,3,22,3,p17,Node_1_1175_1811_3650,1811,1886.15,588.775,3151.21
13,3,22,3,p17,Node_1_1182_2618_3650,2618,3650,1760.61,3650
13,3,22,3,p17,Node_1_1195_3636_3650,3636,3650,2214.54,3650
13,3,22,3,p17,Node_1_1207_2149_3650,2149,2763.76,1306.15,3650
13,3,22,3,p17,Node_1_1244_147_3650,147,302.98,-45,1057.49
13,3,22,3,p17,Node_1_1287_2902_3650,2902,2016.42,935.436,2870.65
13,3,22,3,p17,Node_1_1289_2853_3650,2853,2340.02,1358.52,3602.97
13,3,23,3,p17,Node_1_17_3246_3650,3246,3650,1695.29,3650
13,3,23,3,p17,Node_1_18_1781_1825,1781,1825,248.584,1825
13,3,23,3,p17,Node_1_72_2114_3650,2114,2520.73,1110.95,3650
13,3,23,3,p17,Node_1_110_447_3650,447,-45,-45,336.597
13,3,23,3,p17,Node_1_139_3074_3650,3074,2048.68,829.396,3399.32
13,3,23,3,p17,Node_1_284_196_1825,196,145.138,-45,686.689
13,3,23,3,p17,Node_1_287_1073_1825,1073,474.507,-45,1016.97
13,3,23,3,p17,Node_1_353_1989_3650,1989,1858.9,423.176,3533.84
13,3,23,3,p17,Node_1_387_254_1825,254,-45,-45,263.116
13,3,23,3,p17,Node_1_388_1507_1825,1507,1138.85,303.594,1825
13,3,23,3,p17,Node_1_468_1541_1825,1541,1176.39,174.423,1825
13,3,23,3,p17,Node_1_533_474_3650,474,145.485,-45,908.386
13,3,23,3,p17,Node_1_550_3165_3650,3165,3650,2430.37,3650
13,3,23,3,p17,Node_1_597_3366_3650,3366,3650,2138.18,3650
13,3,23,3,p17,Node_1_601_136_3650,136,-45,-45,436.417
13,3,23,3,p17,Node_1_634_1037_1825,1037,1259.54,22.4062,1825
13,3,23,3,p17,Node_1_759_186_3650,186,1016.87,9.28155,2022.51
13,3,23,3,p17,Node_1_888_434_3650,434,730.116,91.3415,730.116
13,3,23,3,p17,Node_1_947_2612_3650,2612,1947.28,1107.51,2865.39
13,3,23,3,p17,Node_1_963_416_3650,416,549.865,-45,1219.62
13,3,23,3,p17,Node_1_984_1703_1825,1703,562.237,-45,1542.76
13,3,23,3,p17,Node_1_1010_237_1825,237,187.631,-45,717.942
13,3,23,3,p17,Node_1_1025_1229_1825,1229,340.56,-45,1766.1
13,3,23,3,p17,Node_1_1175_1811_3650,1811,1385.94,191.528,2719.56
13,3,23,3,p17,Node_1_1182_2618_3650,2618,1591.94,293.892,3212
13,3,23,3,p17,Node_1_1195_3636_3650,3636,3650,2032.75,3650
13,3,23,3,p17,Node_1_1207_2149_3650,2149,682.002,-45,1745.33
13,3,23,3,p17,Node_1_1244_147_3650,147,-45,-45,357.69
13,3,23,3,p17,Node_1_1287_2902_3650,2902,3078.22,1241.85,3650
13,3,23,3,p17,Node_1_1289_2853_3650,2853,1222.09,343.628,2200.24
13,3,24,3,p17,Node_1_17_3246_3650,3246,1793.35,545.578,3231.86
13,3,24,3,p17,Node_1_18_1781_1825,1781,1825,788.676,1825
13,3,24,3,p17,Node_1_72_2114_3650,2114,1527.93,324.684,3139.75
13,3,24,3,p17,Node_1_110_447_3650,447,1155.21,128.9,2114.63
13,3,24,3,p17,Node_1_139_3074_3650,3074,1692.42,521.137,2990.51
13,3,24,3,p17,Node_1_284_196_1825,196,-40.4141,-45,466.236
13,3,24,3,p17,Node_1_287_1073_1825,1073,-45,-45,716.129
13,3,24,3,p17,Node_1_353_1989_3650,1989,2338.79,987.387,3650
13,3,24,3,p17,Node_1_387_254_1825,254,133.137,-45,901.028
13,3,24,3,p17,Node_1_388_1507_1825,1507,1825,468.928,1825
13,3,24,3,p17,Node_1_468_1541_1825,1541,1030.84,327.804,1739.79
13,3,24,3,p17,Node_1_533_474_3650,474,732.684,165.437,1039.83
13,3,24,3,p17,Node_1_550_3165_3650,3165,2749.13,1851.42,3650
13,3,24,3,p17,Node_1_597_3366_3650,3366,1725.99,382.716,2925.02
13,3,24,3,p17,Node_1_601_136_3650,136,-45,-45,830.148
13,3,24,3,p17,Node_1_634_1037_1825,1037,5.35092,-45,1012.93
13,3,24,3,p17,Node_1_759_186_3650,186,-45,-45,507.686
13,3,24,3,p17,Node_1_888_434_3650,434,-45,-45,548.642
13,3,24,3,p17,Node_1_947_2612_3650,2612,3088.13,1796,3650
13,3,24,3,p17,Node_1_963_416_3650,416,924.779,59.675,1346.64
13,3,24,3,p17,Node_1_984_1703_1825,1703,1825,730,1825
13,3,24,3,p17,Node_1_1010_237_1825,237,-45,-45,491.247
13,3,24,3,p17,Node_1_1025_1229_1825,1229,531.86,-45,1511.32
13,3,24,3,p17,Node_1_1175_1811_3650,1811,1843.84,566.7,3650
13,3,24,3,p17,Node_1_1182_2618_3650,2618,1142.15,79.2514,2860.56
13,3,24,3,p17,Node_1_1195_3636_3650,3636,3650,2572.54,3650
13,3,24,3,p17,Node_1_1207_2149_3650,2149,1411.71,156.719,3028.47
13,3,24,3,p17,Node_1_1244_147_3650,147,-45,-45,693.878
13,3,24,3,p17,Node_1_1287_2902_3650,2902,3487.36,1532.69,3650
13,3,24,3,p17,Node_1_1289_2853_3650,2853,3650,2027.99,3650
13,3,25,3,p17,Node_1_17_3246_3650,3246,3650,1249.94,3650
13,3,25,3,p17,Node_1_18_1781_1825,1781,1128.41,-45,1655.48
13,3,25,3,p17,Node_1_72_2114_3650,2114,1962.94,558.825,3313.04
13,3,25,3,p17,Node_1_110_447_3650,447,767.071,-45,1572.04
13,3,25,3,p17,Node_1_139_3074_3650,3074,1572.5,320.776,2799.42
13,3,25,3,p17,Node_1_284_196_1825,196,18.8477,-45,196.665
13,3,25,3,p17,Node_1_287_1073_1825,1073,1356.98,72.4408,1825
13,3,25,3,p17,Node_1_353_1989_3650,1989,399.619,-45,1666.07
13,3,25,3,p17,Node_1_387_254_1825,254,94.3913,-45,640.308
13,3,25,3,p17,Node_1_388_1507_1825,1507,1246.67,336.133,1825
13,3,25,3,p17,Node_1_468_1541_1825,1541,1825,1131.12,1825
13,3,25,3,p17,Node_1_533_474_3650,474,170.997,-45,824.4
13,3,25,3,p17,Node_1_550_3165_3650,3165,3015.97,2070.24,3650
13,3,25,3,p17,Node_1_597_3366_3650,3366,3650,2074.88,3650
13,3,25,3,p17,Node_1_601_136_3650,136,95.0341,-45,811.622
13,3,25,3,p17,Node_1_634_1037_1825,1037,1597.27,365,1825
13,3,25,3,p17,Node_1_759_186_3650,186,-45,-45,640.308
13,3,25,3,p17,Node_1_888_434_3650,434,-45,-45,445.792
13,3,25,3,p17,Node_1_947_2612_3650,2612,1381.27,469.186,2599.76
13,3,25,3,p17,Node_1_963_416_3650,416,486.729,-45,1404.58
13,3,25,3,p17,Node_1_984_1703_1825,1703,94.4985,-45,866.88
13,3,25,3,p17,Node_1_1010_237_1825,237,961.211,148.739,1825
13,3,25,3,p17,Node_1_1025_1229_1825,1229,667.871,122.294,1115.87
13,3,25,3,p17,Node_1_1175_1811_3650,1811,-45,-45,596.78
13,3,25,3,p17,Node_1_1182_2618_3650,2618,2005.22,690.88,3259.98
13,3,25,3,p17,Node_1_1195_3636_3650,3636,3650,2568.51,3650
13,3,25,3,p17,Node_1_1207_2149_3650,2149,3126.36,1273.03,3650
13,3,25,3,p17,Node_1_1244_147_3650,147,163.118,-45,703.672
13,3,25,3,p17,Node_1_1287_2902_3650,2902,2276.27,1251.93,3421.76
13,3,25,3,p17,Node_1_1289_2853_3650,2853,2586,1272.05,3650
13,3,26,3,p17,Node_1_17_3246_3650,3246,2884.13,1294.31,3650
13,3,26,3,p17,Node_1_18_1781_1825,1781,802.854,-45,1524.76
13,3,26,3,p17,Node_1_72_2114_3650,2114,1593.85,67.7942,2785.39
13,3,26,3,p17,Node_1_110_447_3650,447,117.971,-45,755.977
13,3,26,3,p17,Node_1_139_3074_3650,3074,3102.15,1418.67,3650
13,3,26,3,p17,Node_1_284_196_1825,196,62.8334,-45,466.091
13,3,26,3,p17,Node_1_287_1073_1825,1073,1778.81,624.229,1825
13,3,26,3,p17,Node_1_353_1989_3650,1989,3650,1591.48,3650
13,3,26,3,p17,Node_1_387_254_1825,254,27.3537,-45,352.918
13,3,26,3,p17,Node_1_388_1507_1825,1507,1825,442.664,1825
13,3,26,3,p17,Node_1_468_1541_1825,1541,580.05,-45,1354.32
13,3,26,3,p17,Node_1_533_474_3650,474,27.2395,-45,352.918
13,3,26,3,p17,Node_1_550_3165_3650,3165,2118.61,809.998,3187.52
13,3,26,3,p17,Node_1_597_3366_3650,3366,3650,1963.16,3650
13,3,26,3,p17,Node_1_601_136_3650,136,27.3537,-45,352.918
13,3,26,3,p17,Node_1_634_1037_1825,1037,1489.15,191.969,1825
13,3,26,3,p17,Node_1_759_186_3650,186,-45,-45,648.253
13,3,26,3,p17,Node_1_888_434_3650,434,2126.53,1141.69,3272.49
13,3,26,3,p17,Node_1_947_2612_3650,2612,2248.23,1201.56,3211.99
13,3,26,3,p17,Node_1_963_416_3650,416,1242.54,207.493,2422.09
13,3,26,3,p17,Node_1_984_1703_1825,1703,1825,417.274,1825
13,3,26,3,p17,Node_1_1010_237_1825,237,569.196,-45,1634.31
13,3,26,3,p17,Node_1_1025_1229_1825,1229,924.473,129.245,1825
13,3,26,3,p17,Node_1_1175_1811_3650,1811,1011.74,248.155,1966.37
13,3,26,3,p17,Node_1_1182_2618_3650,2618,1693.99,455.312,2863.85
13,3,26,3,p17,Node_1_1195_3636_3650,3636,3039.21,1559.43,3650
13,3,26,3,p17,Node_1_1207_2149_3650,2149,1921.9,668.386,3306.38
13,3,26,3,p17,Node_1_1244_147_3650,147,346.433,122.038,365
13,3,26,3,p17,Node_1_1287_2902_3650,2902,3650,1699.33,3650
13,3,26,3,p17,Node_1_1289_2853_3650,2853,2598.49,1159.3,3650
13,3,27,3,p17,Node_1_17_3246_3650,3246,2906.92,1323.43,3650
13,3,27,3,p17,Node_1_18_1781_1825,1781,1825,335.324,1825
13,3,27,3,p17,Node_1_72_2114_3650,2114,959.81,-45,2881.54
13,3,27,3,p17,Node_1_110_447_3650,447,-45,-45,513.807
13,3,27,3,p17,Node_1_139_3074_3650,3074,1871.29,692.315,2895.54
13,3,27,3,p17,Node_1_284_196_1825,196,718.436,-45,1613.54
13,3,27,3,p17,Node_1_287_1073_1825,1073,1184.06,-45,1825
13,3,27,3,p17,Node_1_353_1989_3650,1989,2545.26,729.88,3650
13,3,27,3,p17,Node_1_387_254_1825,254,-45,-45,380.928
13,3,27,3,p17,Node_1_388_1507_1825,1507,700.558,-45,1825
13,3,27,3,p17,Node_1_468_1541_1825,1541,1340.67,485.144,1825
13,3,27,3,p17,Node_1_533_474_3650,474,207.241,-45,313.42
13,3,27,3,p17,Node_1_550_3165_3650,3165,2713.66,1495.55,3650
13,3,27,3,p17,Node_1_597_3366_3650,3366,1772.32,-37.406,3565.31
13,3,27,3,p17,Node_1_601_136_3650,136,1060.81,109.728,1772.1
13,3,27,3,p17,Node_1_634_1037_1825,1037,631.572,-45,1505.88
13,3,27,3,p17,Node_1_759_186_3650,186,207.241,-45,313.42
13,3,27,3,p17,Node_1_888_434_3650,434,145.853,-45,953.134
13,3,27,3,p17,Node_1_947_2612_3650,2612,876.296,-1.95721,1654.92
13,3,27,3,p17,Node_1_963_416_3650,416,974.894,15.1725,2542.16
13,3,27,3,p17,Node_1_984_1703_1825,1703,844.852,-45,1825
13,3,27,3,p17,Node_1_1010_237_1825,237,632.298,-45,1095
13,3,27,3,p17,Node_1_1025_1229_1825,1229,1825,459.73,1825
13,3,27,3,p17,Node_1_1175_1811_3650,1811,1605.29,435.089,3074.24
13,3,27,3,p17,Node_1_1182_2618_3650,2618,2246.52,788.632,3650
13,3,27,3,p17,Node_1_1195_3636_3650,3636,2388.13,1122.41,3650
13,3,27,3,p17,Node_1_1207_2149_3650,2149,3320.55,1491.68,3650
13,3,27,3,p17,Node_1_1244_147_3650,147,-45,-45,488.691
13,3,27,3,p17,Node_1_1287_2902_3650,2902,2950.06,1042.23,3650
13,3,27,3,p17,Node_1_1289_2853_3650,2853,2257.03,730.49,3650
13,3,28,3,p17,Node_1_17_3246_3650,3246,3331.49,1267.41,3650
13,3,28,3,p17,Node_1_18_1781_1825,1781,1825,208.627,1825
13,3,28,3,p17,Node_1_72_2114_3650,2114,2317.26,1383.91,3650
13,3,28,3,p17,Node_1_110_447_3650,447,-45,-45,586.953
13,3,28,3,p17,Node_1_139_3074_3650,3074,3456.48,2116.17,3650
13,3,28,3,p17,Node_1_284_196_1825,196,149.904,-45,725.896
13,3,28,3,p17,Node_1_287_1073_1825,1073,713.018,-45,1547.26
13,3,28,3,p17,Node_1_353_1989_3650,1989,2620.74,739.831,3650
13,3,28,3,p17,Node_1_387_254_1825,254,-45,-45,429.66
13,3,28,3,p17,Node_1_388_1507_1825,1507,1825,186.7,1825
13,3,28,3,p17,Node_1_468_1541_1825,1541,1825,1108.77,1825
13,3,28,3,p17,Node_1_533_474_3650,474,128.095,-45,919.239
13,3,28,3,p17,Node_1_550_3165_3650,3165,3057.34,1943.98,3650
13,3,28,3,p17,Node_1_597_3366_3650,3366,3225.75,1872.5,3650
13,3,28,3,p17,Node_1_601_136_3650,136,-45,-45,337.736
13,3,28,3,p17,Node_1_634_1037_1825,1037,202.759,-45,365
13,3,28,3,p17,Node_1_759_186_3650,186,558.71,-45,1625.71
13,3,28,3,p17,Node_1_888_434_3650,434,687.025,-45,1772.24
13,3,28,3,p17,Node_1_947_2612_3650,2612,3650,1997.23,3650
13,3,28,3,p17,Node_1_963_416_3650,416,300.4,-45,1675.43
13,3,28,3,p17,Node_1_984_1703_1825,1703,661.691,199.567,1446.29
13,3,28,3,p17,Node_1_1010_237_1825,237,93.5423,-45,365
13,3,28,3,p17,Node_1_1025_1229_1825,1229,907.831,141.732,1825
13,3,28,3,p17,Node_1_1175_1811_3650,1811,1562.96,340.986,2773.23
13,3,28,3,p17,Node_1_1182_2618_3650,2618,1328.69,304.026,2939.21
13,3,28,3,p17,Node_1_1195_3636_3650,3636,3650,2509.84,3650
13,3,28,3,p17,Node_1_1207_2149_3650,2149,3131.5,1654.32,3650
13,3,28,3,p17,Node_1_1244_147_3650,147,28.0315,-45,564.38
13,3,28,3,p17,Node_1_1287_2902_3650,2902,3650,1870.25,3650
13,3,28,3,p17,Node_1_1289_2853_3650,2853,2986.79,1526.33,3650
13,3,29,3,p17,Node_1_17_3246_3650,3246,3650,1631.08,3650
13,3,29,3,p17,Node_1_18_1781_1825,1781,660.55,-45,1298.08
13,3,29,3,p17,Node_1_72_2114_3650,2114,2942.24,1636.48,3650
13,3,29,3,p17,Node_1_110_447_3650,447,299.996,-45,1205.92
13,3,29,3,p17,Node_1_139_3074_3650,3074,3650,1839.22,3650
13,3,29,3,p17,Node_1_284_196_1825,196,-45,-45,432.478
13,3,29,3,p17,Node_1_287_1073_1825,1073,664.342,-45,1825
13,3,29,3,p17,Node_1_353_1989_3650,1989,1873.72,297.318,3555.22
13,3,29,3,p17,Node_1_387_254_1825,254,-45,-45,510.157
13,3,29,3,p17,Node_1_388_1507_1825,1507,1825,395.111,1825
13,3,29,3,p17,Node_1_468_1541_1825,1541,1226.16,564.398,1825
13,3,29,3,p17,Node_1_533_474_3650,474,-45,-45,447.591
13,3,29,3,p17,Node_1_550_3165_3650,3165,3098.83,1664.45,3650
13,3,29,3,p17,Node_1_597_3366_3650,3366,2731.62,1122.29,3650
13,3,29,3,p17,Node_1_601_136_3650,136,208.273,-45,365
13,3,29,3,p17,Node_1_634_1037_1825,1037,522.297,-45,1585.48
13,3,29,3,p17,Node_1_759_186_3650,186,-45,-45,442.614
13,3,29,3,p17,Node_1_888_434_3650,434,295.157,-45,1022.62
13,3,29,3,p17,Node_1_947_2612_3650,2612,2336.76,1514.53,3440
13,3,29,3,p17,Node_1_963_416_3650,416,432.263,-45,1082.87
13,3,29,3,p17,Node_1_984_1703_1825,1703,1825,432.478,1825
13,3,29,3,p17,Node_1_1010_237_1825,237,289.49,-45,730
13,3,29,3,p17,Node_1_1025_1229_1825,1229,848.417,-45,1825
13,3,29,3,p17,Node_1_1175_1811_3650,1811,3032.98,1836.6,3650
13,3,29,3,p17,Node_1_1182_2618_3650,2618,1853.51,498.479,3650
13,3,29,3,p17,Node_1_1195_3636_3650,3636,3569.64,1833.25,3650
13,3,29,3,p17,Node_1_1207_2149_3650,2149,1813.61,396.388,3097.67
13,3,29,3,p17,Node_1_1244_147_3650,147,43.7043,-45,365
13,3,29,3,p17,Node_1_1287_2902_3650,2902,3498.23,1894.78,3650
13,3,29,3,p17,Node_1_1289_2853_3650,2853,2865.27,1277.21,3650
13,3,30,3,p17,Node_1_17_3246_3650,3246,3650,1901.96,3650
13,3,30,3,p17,Node_1_18_1781_1825,1781,125.129,-45,843.844
13,3,30,3,p17,Node_1_72_2114_3650,2114,1846.49,784.537,3322.72
13,3,30,3,p17,Node_1_110_447_3650,447,-27.5685,-45,329.609
13,3,30,3,p17,Node_1_139_3074_3650,3074,3650,1825,3650
13,3,30,3,p17,Node_1_284_196_1825,196,-45,-45,684.102
13,3,30,3,p17,Node_1_287_1073_1825,1073,603.361,-45,1554.04
13,3,30,3,p17,Node_1_353_1989_3650,1989,2290.08,516.071,3650
13,3,30,3,p17,Node_1_387_254_1825,254,197.686,-45,852.135
13,3,30,3,p17,Node_1_388_1507_1825,1507,1825,-1.13463,1825
13,3,30,3,p17,Node_1_468_1541_1825,1541,1825,1201.77,1825
13,3,30,3,p17,Node_1_533_474_3650,474,519.609,-45,1594.26
13,3,30,3,p17,Node_1_550_3165_3650,3165,1964.33,1073.59,2851.13
13,3,30,3,p17,Node_1_597_3366_3650,3366,3650,1811.97,3650
13,3,30,3,p17,Node_1_601_136_3650,136,59.692,-45,764.776
13,3,30,3,p17,Node_1_634_1037_1825,1037,1462.04,4.32136,1825
13,3,30,3,p17,Node_1_759_186_3650,186,811.748,282.779,1095
13,3,30,3,p17,Node_1_888_434_3650,434,383.154,-45,1613.61
13,3,30,3,p17,Node_1_947_2612_3650,2612,3512.82,1929.53,3650
13,3,30,3,p17,Node_1_963_416_3650,416,103.329,-45,365
13,3,30,3,p17,Node_1_984_1703_1825,1703,1723.62,383.317,1825
13,3,30,3,p17,Node_1_1010_237_1825,237,234.227,-45,365
13,3,30,3,p17,Node_1_1025_1229_1825,1229,45.1938,-45,745.566
13,3,30,3,p17,Node_1_1175_1811_3650,1811,2243.4,799.885,3650
13,3,30,3,p17,Node_1_1182_2618_3650,2618,1977.7,547.261,3494.48
13,3,30,3,p17,Node_1_1195_3636_3650,3636,3650,1808.52,3650
13,3,30,3,p17,Node_1_1207_2149_3650,2149,2217,529.183,3650
13,3,30,3,p17,Node_1_1244_147_3650,147,850.519,95.9559,2252.11
13,3,30,3,p17,Node_1_1287_2902_3650,2902,899.768,-45,2231.1
13,3,30,3,p17,Node_1_1289_2853_3650,2853,2841.86,1072.28,3650
