batch,rep,ali,sub,gene,nodeName,trueDate,nodeDate
14,2,1,3,p17,Node_1_446_2005_3650,2005,2153.40498654917
14,2,1,3,p17,Node_1_659_1786_1825,1786,1792.10166771038
14,2,1,3,p17,Node_1_475_945_1825,945,1005.31173286938
14,2,1,3,p17,Node_1_644_3325_3650,3325,3649.99999999
14,2,1,3,p17,Node_1_643_1737_3650,1737,2339.75047538407
14,2,1,3,p17,Node_1_324_1249_1825,1249,422.975815455511
14,2,1,3,p17,Node_1_1171_3553_3650,3553,3649.99999999
14,2,1,3,p17,Node_1_557_616_3650,616,-794.166795705094
14,2,1,3,p17,Node_1_1043_397_1825,397,-794.166795705094
14,2,1,3,p17,Node_1_917_1833_3650,1833,1444.44035153588
14,2,1,3,p17,Node_1_97_2576_3650,2576,128.484431183608
14,2,1,3,p17,Node_1_111_1632_3650,1632,301.555585410406
14,2,1,3,p17,Node_1_188_1751_3650,1751,3649.99999999
14,2,1,3,p17,Node_1_1035_1403_3650,1403,1775.21947997149
14,2,1,3,p17,Node_1_123_269_1825,269,-184.376407219613
14,2,1,3,p17,Node_1_9_2000_3650,2000,2750.73216897464
14,2,1,3,p17,Node_1_358_1783_1825,1783,2324.43001564381
14,2,1,3,p17,Node_1_1101_15_3650,15,359.145818251319
14,2,1,3,p17,Node_1_114_120_3650,120,-207.940008882486
14,2,1,3,p17,Node_1_1011_1750_3650,1750,2425.83238461889
14,2,1,3,p17,Node_1_1065_209_3650,209,364.988737165957
14,2,1,3,p17,Node_1_706_772_3650,772,370.70870034361
14,2,1,3,p17,Node_1_1095_254_1825,254,361.881936498401
14,2,1,3,p17,Node_1_1236_587_1825,587,357.265430986884
14,2,1,3,p17,Node_1_825_139_3650,139,359.140074117634
14,2,1,3,p17,Node_1_1074_971_3650,971,1379.85413564261
14,2,1,3,p17,Node_1_535_1171_1825,1171,1019.0258200001
14,2,1,3,p17,Node_1_382_1009_1825,1009,895.409601821911
14,2,1,3,p17,Node_1_161_1245_3650,1245,1249.52911538722
14,2,1,3,p17,Node_1_610_1367_3650,1367,90.4466855024152
14,2,2,3,p17,Node_1_358_1783_1825,1783,282.613857227354
14,2,2,3,p17,Node_1_917_1833_3650,1833,1764.43471193107
14,2,2,3,p17,Node_1_1236_587_1825,587,725.04376289787
14,2,2,3,p17,Node_1_9_2000_3650,2000,1158.93999042679
14,2,2,3,p17,Node_1_1095_254_1825,254,200.849155949942
14,2,2,3,p17,Node_1_1171_3553_3650,3553,3079.51160825259
14,2,2,3,p17,Node_1_535_1171_1825,1171,1697.96588615538
14,2,2,3,p17,Node_1_123_269_1825,269,-56.7583334788441
14,2,2,3,p17,Node_1_1011_1750_3650,1750,262.767627623367
14,2,2,3,p17,Node_1_1074_971_3650,971,-123.624278943668
14,2,2,3,p17,Node_1_114_120_3650,120,-415.77944400837
14,2,2,3,p17,Node_1_1101_15_3650,15,-1165.10675805449
14,2,2,3,p17,Node_1_161_1245_3650,1245,1563.58567870079
14,2,2,3,p17,Node_1_475_945_1825,945,1114.6515651827
14,2,2,3,p17,Node_1_825_139_3650,139,-171.036967177433
14,2,2,3,p17,Node_1_111_1632_3650,1632,1051.14271678078
14,2,2,3,p17,Node_1_97_2576_3650,2576,3649.99999999
14,2,2,3,p17,Node_1_706_772_3650,772,-119.370794859078
14,2,2,3,p17,Node_1_1043_397_1825,397,-196.347647230534
14,2,2,3,p17,Node_1_1065_209_3650,209,-1364.94713980759
14,2,2,3,p17,Node_1_1035_1403_3650,1403,2860.81920165364
14,2,2,3,p17,Node_1_446_2005_3650,2005,844.384618689965
14,2,2,3,p17,Node_1_382_1009_1825,1009,141.925204144188
14,2,2,3,p17,Node_1_324_1249_1825,1249,1476.47589667359
14,2,2,3,p17,Node_1_188_1751_3650,1751,497.340670840533
14,2,2,3,p17,Node_1_644_3325_3650,3325,3649.99999999
14,2,2,3,p17,Node_1_643_1737_3650,1737,2254.81461792889
14,2,2,3,p17,Node_1_659_1786_1825,1786,-233.197133503637
14,2,2,3,p17,Node_1_610_1367_3650,1367,110.158219431857
14,2,2,3,p17,Node_1_557_616_3650,616,-1368.68534697285
14,2,3,3,p17,Node_1_111_1632_3650,1632,987.574799028636
14,2,3,3,p17,Node_1_446_2005_3650,2005,1817.01547107057
14,2,3,3,p17,Node_1_643_1737_3650,1737,1954.61236956996
14,2,3,3,p17,Node_1_644_3325_3650,3325,3565.37456712519
14,2,3,3,p17,Node_1_1171_3553_3650,3553,3074.69778193829
14,2,3,3,p17,Node_1_1043_397_1825,397,291.903728712801
14,2,3,3,p17,Node_1_659_1786_1825,1786,1088.2109180521
14,2,3,3,p17,Node_1_1011_1750_3650,1750,389.713411596535
14,2,3,3,p17,Node_1_475_945_1825,945,-615.988457700559
14,2,3,3,p17,Node_1_610_1367_3650,1367,1061.04825000208
14,2,3,3,p17,Node_1_161_1245_3650,1245,1191.02226540444
14,2,3,3,p17,Node_1_706_772_3650,772,397.577613950876
14,2,3,3,p17,Node_1_9_2000_3650,2000,1155.42423596037
14,2,3,3,p17,Node_1_1095_254_1825,254,-190.292405059126
14,2,3,3,p17,Node_1_535_1171_1825,1171,387.949454813964
14,2,3,3,p17,Node_1_1065_209_3650,209,-384.691477279243
14,2,3,3,p17,Node_1_358_1783_1825,1783,976.858319762507
14,2,3,3,p17,Node_1_382_1009_1825,1009,1468.35741664276
14,2,3,3,p17,Node_1_557_616_3650,616,82.6797434956236
14,2,3,3,p17,Node_1_123_269_1825,269,-47.5219663100399
14,2,3,3,p17,Node_1_188_1751_3650,1751,1710.81353399572
14,2,3,3,p17,Node_1_97_2576_3650,2576,1821.28029831418
14,2,3,3,p17,Node_1_917_1833_3650,1833,1065.50405520272
14,2,3,3,p17,Node_1_1236_587_1825,587,164.349633086909
14,2,3,3,p17,Node_1_1035_1403_3650,1403,960.03096201564
14,2,3,3,p17,Node_1_1101_15_3650,15,-836.794878773074
14,2,3,3,p17,Node_1_1074_971_3650,971,-301.473495899505
14,2,3,3,p17,Node_1_114_120_3650,120,-266.372155608914
14,2,3,3,p17,Node_1_324_1249_1825,1249,1030.69276949834
14,2,3,3,p17,Node_1_825_139_3650,139,232.121377450749
14,2,4,3,p17,Node_1_1065_209_3650,209,441.136865005922
14,2,4,3,p17,Node_1_557_616_3650,616,1164.29461047512
14,2,4,3,p17,Node_1_1035_1403_3650,1403,1166.27348958854
14,2,4,3,p17,Node_1_535_1171_1825,1171,1516.82639181356
14,2,4,3,p17,Node_1_917_1833_3650,1833,1623.65351782435
14,2,4,3,p17,Node_1_1236_587_1825,587,496.390130830305
14,2,4,3,p17,Node_1_161_1245_3650,1245,698.612581597893
14,2,4,3,p17,Node_1_1074_971_3650,971,2115.6154204329
14,2,4,3,p17,Node_1_97_2576_3650,2576,2896.18050459173
14,2,4,3,p17,Node_1_324_1249_1825,1249,926.226384596473
14,2,4,3,p17,Node_1_9_2000_3650,2000,656.869069299524
14,2,4,3,p17,Node_1_114_120_3650,120,-76.768836177271
14,2,4,3,p17,Node_1_1043_397_1825,397,463.627158836345
14,2,4,3,p17,Node_1_475_945_1825,945,1725.36981803189
14,2,4,3,p17,Node_1_644_3325_3650,3325,1741.30522972424
14,2,4,3,p17,Node_1_643_1737_3650,1737,523.864383859669
14,2,4,3,p17,Node_1_610_1367_3650,1367,1296.02260820848
14,2,4,3,p17,Node_1_706_772_3650,772,361.168445096087
14,2,4,3,p17,Node_1_1101_15_3650,15,-76.5997010217146
14,2,4,3,p17,Node_1_188_1751_3650,1751,986.864837783646
14,2,4,3,p17,Node_1_382_1009_1825,1009,57.454928162482
14,2,4,3,p17,Node_1_358_1783_1825,1783,349.384533216153
14,2,4,3,p17,Node_1_659_1786_1825,1786,1321.14388009544
14,2,4,3,p17,Node_1_1171_3553_3650,3553,3113.64856926564
14,2,4,3,p17,Node_1_1011_1750_3650,1750,1971.66818532294
14,2,4,3,p17,Node_1_123_269_1825,269,728.713523635305
14,2,4,3,p17,Node_1_446_2005_3650,2005,3041.2148608008
14,2,4,3,p17,Node_1_111_1632_3650,1632,1291.93015254202
14,2,4,3,p17,Node_1_825_139_3650,139,644.750789859497
14,2,4,3,p17,Node_1_1095_254_1825,254,-1103.971121753
14,2,5,3,p17,Node_1_123_269_1825,269,-258.505334596155
14,2,5,3,p17,Node_1_188_1751_3650,1751,2586.95644620785
14,2,5,3,p17,Node_1_659_1786_1825,1786,1979.83083321992
14,2,5,3,p17,Node_1_610_1367_3650,1367,2504.6946127734
14,2,5,3,p17,Node_1_382_1009_1825,1009,1364.68724743481
14,2,5,3,p17,Node_1_114_120_3650,120,-802.152232940032
14,2,5,3,p17,Node_1_825_139_3650,139,359.881074107867
14,2,5,3,p17,Node_1_1035_1403_3650,1403,1468.90405461672
14,2,5,3,p17,Node_1_1101_15_3650,15,14.7853854741677
14,2,5,3,p17,Node_1_1065_209_3650,209,8.91559480258029
14,2,5,3,p17,Node_1_557_616_3650,616,493.960035120384
14,2,5,3,p17,Node_1_1074_971_3650,971,425.931619388541
14,2,5,3,p17,Node_1_111_1632_3650,1632,1282.01415171407
14,2,5,3,p17,Node_1_706_772_3650,772,1318.10889738541
14,2,5,3,p17,Node_1_358_1783_1825,1783,2459.39042723788
14,2,5,3,p17,Node_1_1043_397_1825,397,545.662784063708
14,2,5,3,p17,Node_1_917_1833_3650,1833,1739.11915273922
14,2,5,3,p17,Node_1_1171_3553_3650,3553,3262.77906743
14,2,5,3,p17,Node_1_446_2005_3650,2005,3043.67548252721
14,2,5,3,p17,Node_1_97_2576_3650,2576,3368.18645110845
14,2,5,3,p17,Node_1_535_1171_1825,1171,1220.93094968878
14,2,5,3,p17,Node_1_1236_587_1825,587,802.539876654516
14,2,5,3,p17,Node_1_9_2000_3650,2000,2263.62214360323
14,2,5,3,p17,Node_1_475_945_1825,945,734.061475728727
14,2,5,3,p17,Node_1_1011_1750_3650,1750,2652.68902079577
14,2,5,3,p17,Node_1_1095_254_1825,254,851.679205145731
14,2,5,3,p17,Node_1_644_3325_3650,3325,1882.1404331304
14,2,5,3,p17,Node_1_643_1737_3650,1737,406.664014190139
14,2,5,3,p17,Node_1_324_1249_1825,1249,398.638112691868
14,2,5,3,p17,Node_1_161_1245_3650,1245,-181.542251019614
14,2,6,3,p17,Node_1_1095_254_1825,254,1150.62293004872
14,2,6,3,p17,Node_1_9_2000_3650,2000,1149.85233059838
14,2,6,3,p17,Node_1_324_1249_1825,1249,725.099602731091
14,2,6,3,p17,Node_1_97_2576_3650,2576,3649.99999999
14,2,6,3,p17,Node_1_825_139_3650,139,145.433475625776
14,2,6,3,p17,Node_1_161_1245_3650,1245,2314.29020713206
14,2,6,3,p17,Node_1_1011_1750_3650,1750,2876.89250547648
14,2,6,3,p17,Node_1_1035_1403_3650,1403,507.964518136098
14,2,6,3,p17,Node_1_917_1833_3650,1833,2721.54197897325
14,2,6,3,p17,Node_1_557_616_3650,616,365.002972983956
14,2,6,3,p17,Node_1_643_1737_3650,1737,791.409060116863
14,2,6,3,p17,Node_1_644_3325_3650,3325,3013.81787487516
14,2,6,3,p17,Node_1_1101_15_3650,15,-273.871557928761
14,2,6,3,p17,Node_1_111_1632_3650,1632,279.867336741745
14,2,6,3,p17,Node_1_188_1751_3650,1751,2614.14420019224
14,2,6,3,p17,Node_1_1074_971_3650,971,231.218957277921
14,2,6,3,p17,Node_1_114_120_3650,120,303.073902257787
14,2,6,3,p17,Node_1_123_269_1825,269,360.095740698113
14,2,6,3,p17,Node_1_446_2005_3650,2005,2495.31609851374
14,2,6,3,p17,Node_1_1065_209_3650,209,-62.2725592361445
14,2,6,3,p17,Node_1_659_1786_1825,1786,-927.566094193005
14,2,6,3,p17,Node_1_1236_587_1825,587,-1724.00119538159
14,2,6,3,p17,Node_1_382_1009_1825,1009,2049.52250954177
14,2,6,3,p17,Node_1_610_1367_3650,1367,1446.32079744177
14,2,6,3,p17,Node_1_1171_3553_3650,3553,3365.22932974596
14,2,6,3,p17,Node_1_1043_397_1825,397,698.023005447532
14,2,6,3,p17,Node_1_475_945_1825,945,1330.3284745005
14,2,6,3,p17,Node_1_358_1783_1825,1783,2239.91624880899
14,2,6,3,p17,Node_1_706_772_3650,772,724.326617744241
14,2,6,3,p17,Node_1_535_1171_1825,1171,-194.816078461671
14,2,7,3,p17,Node_1_610_1367_3650,1367,1838.32326196262
14,2,7,3,p17,Node_1_1171_3553_3650,3553,3649.99999999
14,2,7,3,p17,Node_1_1236_587_1825,587,1244.76662572259
14,2,7,3,p17,Node_1_706_772_3650,772,-1274.70523975927
14,2,7,3,p17,Node_1_1011_1750_3650,1750,2130.27302310151
14,2,7,3,p17,Node_1_557_616_3650,616,3649.99999999
14,2,7,3,p17,Node_1_1043_397_1825,397,490.389986035338
14,2,7,3,p17,Node_1_1065_209_3650,209,-1001.39906621969
14,2,7,3,p17,Node_1_644_3325_3650,3325,3649.99999999
14,2,7,3,p17,Node_1_643_1737_3650,1737,1719.66196382231
14,2,7,3,p17,Node_1_475_945_1825,945,429.149526609459
14,2,7,3,p17,Node_1_659_1786_1825,1786,2180.52049072147
14,2,7,3,p17,Node_1_1035_1403_3650,1403,153.659168320521
14,2,7,3,p17,Node_1_825_139_3650,139,-241.471949928926
14,2,7,3,p17,Node_1_1095_254_1825,254,64.1320829402766
14,2,7,3,p17,Node_1_1074_971_3650,971,1750.21684055492
14,2,7,3,p17,Node_1_446_2005_3650,2005,2071.25012734682
14,2,7,3,p17,Node_1_97_2576_3650,2576,3649.99999999
14,2,7,3,p17,Node_1_917_1833_3650,1833,174.653702734977
14,2,7,3,p17,Node_1_9_2000_3650,2000,1259.29776011337
14,2,7,3,p17,Node_1_1101_15_3650,15,-948.07961524147
14,2,7,3,p17,Node_1_535_1171_1825,1171,2741.9641738897
14,2,7,3,p17,Node_1_114_120_3650,120,-31.6897074867205
14,2,7,3,p17,Node_1_123_269_1825,269,-12.2498406049737
14,2,7,3,p17,Node_1_161_1245_3650,1245,1887.12364771368
14,2,7,3,p17,Node_1_188_1751_3650,1751,1743.43089818864
14,2,7,3,p17,Node_1_382_1009_1825,1009,2858.80795041277
14,2,7,3,p17,Node_1_111_1632_3650,1632,2768.87852806301
14,2,7,3,p17,Node_1_358_1783_1825,1783,2839.81437572167
14,2,7,3,p17,Node_1_324_1249_1825,1249,660.964600040883
14,2,8,3,p17,Node_1_382_1009_1825,1009,55.680595684797
14,2,8,3,p17,Node_1_475_945_1825,945,426.976518369316
14,2,8,3,p17,Node_1_161_1245_3650,1245,1386.10329710408
14,2,8,3,p17,Node_1_659_1786_1825,1786,1167.85613146908
14,2,8,3,p17,Node_1_1236_587_1825,587,676.590402210675
14,2,8,3,p17,Node_1_97_2576_3650,2576,1889.66219278251
14,2,8,3,p17,Node_1_324_1249_1825,1249,882.742182746145
14,2,8,3,p17,Node_1_358_1783_1825,1783,1421.62501877756
14,2,8,3,p17,Node_1_1035_1403_3650,1403,489.281062820789
14,2,8,3,p17,Node_1_1011_1750_3650,1750,677.545684927375
14,2,8,3,p17,Node_1_644_3325_3650,3325,3649.99999999
14,2,8,3,p17,Node_1_643_1737_3650,1737,1420.66852006996
14,2,8,3,p17,Node_1_111_1632_3650,1632,1159.76937596013
14,2,8,3,p17,Node_1_1171_3553_3650,3553,1903.40978090254
14,2,8,3,p17,Node_1_825_139_3650,139,6.02978049694675
14,2,8,3,p17,Node_1_610_1367_3650,1367,1132.26132826007
14,2,8,3,p17,Node_1_706_772_3650,772,5.16594957447205
14,2,8,3,p17,Node_1_1095_254_1825,254,-13.0151094128595
14,2,8,3,p17,Node_1_557_616_3650,616,1046.93914065233
14,2,8,3,p17,Node_1_917_1833_3650,1833,1923.42436971316
14,2,8,3,p17,Node_1_1065_209_3650,209,-1030.47463939517
14,2,8,3,p17,Node_1_188_1751_3650,1751,1164.93825456983
14,2,8,3,p17,Node_1_9_2000_3650,2000,2834.6441255302
14,2,8,3,p17,Node_1_1074_971_3650,971,1045.19563200952
14,2,8,3,p17,Node_1_1101_15_3650,15,1146.72207306227
14,2,8,3,p17,Node_1_1043_397_1825,397,1044.0421816809
14,2,8,3,p17,Node_1_446_2005_3650,2005,2459.39608890382
14,2,8,3,p17,Node_1_535_1171_1825,1171,702.614018309965
14,2,8,3,p17,Node_1_114_120_3650,120,-1031.02678721163
14,2,8,3,p17,Node_1_123_269_1825,269,724.880357234445
14,2,9,3,p17,Node_1_644_3325_3650,3325,3649.99999999
14,2,9,3,p17,Node_1_643_1737_3650,1737,2245.68688559914
14,2,9,3,p17,Node_1_917_1833_3650,1833,966.806816864325
14,2,9,3,p17,Node_1_324_1249_1825,1249,1680.31356027565
14,2,9,3,p17,Node_1_1043_397_1825,397,727.761120023482
14,2,9,3,p17,Node_1_706_772_3650,772,1106.70328538367
14,2,9,3,p17,Node_1_1095_254_1825,254,352.633856812023
14,2,9,3,p17,Node_1_188_1751_3650,1751,2087.77817857896
14,2,9,3,p17,Node_1_123_269_1825,269,341.097526575326
14,2,9,3,p17,Node_1_1074_971_3650,971,721.173078052266
14,2,9,3,p17,Node_1_659_1786_1825,1786,2432.80080402665
14,2,9,3,p17,Node_1_97_2576_3650,2576,2423.47211680738
14,2,9,3,p17,Node_1_535_1171_1825,1171,522.887855867807
14,2,9,3,p17,Node_1_1065_209_3650,209,-93.3926762749006
14,2,9,3,p17,Node_1_1011_1750_3650,1750,875.742198376075
14,2,9,3,p17,Node_1_475_945_1825,945,875.403353809972
14,2,9,3,p17,Node_1_111_1632_3650,1632,749.449472048
14,2,9,3,p17,Node_1_446_2005_3650,2005,1435.75714693667
14,2,9,3,p17,Node_1_1236_587_1825,587,-411.202619252606
14,2,9,3,p17,Node_1_825_139_3650,139,359.293895809391
14,2,9,3,p17,Node_1_1101_15_3650,15,-622.219995604478
14,2,9,3,p17,Node_1_382_1009_1825,1009,762.993219980717
14,2,9,3,p17,Node_1_557_616_3650,616,767.386672626225
14,2,9,3,p17,Node_1_1171_3553_3650,3553,3009.0407119438
14,2,9,3,p17,Node_1_1035_1403_3650,1403,156.552717617612
14,2,9,3,p17,Node_1_610_1367_3650,1367,-769.846527806265
14,2,9,3,p17,Node_1_358_1783_1825,1783,1995.02581141072
14,2,9,3,p17,Node_1_9_2000_3650,2000,-945.148839516335
14,2,9,3,p17,Node_1_114_120_3650,120,-549.249768985123
14,2,9,3,p17,Node_1_161_1245_3650,1245,834.154597146682
14,2,10,3,p17,Node_1_324_1249_1825,1249,964.468077546267
14,2,10,3,p17,Node_1_557_616_3650,616,-1.26557192595089
14,2,10,3,p17,Node_1_111_1632_3650,1632,3649.99999999
14,2,10,3,p17,Node_1_1035_1403_3650,1403,1241.01137035707
14,2,10,3,p17,Node_1_643_1737_3650,1737,1173.69212061925
14,2,10,3,p17,Node_1_644_3325_3650,3325,2435.4407219162
14,2,10,3,p17,Node_1_917_1833_3650,1833,1939.77683718457
14,2,10,3,p17,Node_1_1011_1750_3650,1750,2614.06377284096
14,2,10,3,p17,Node_1_123_269_1825,269,729.754737383716
14,2,10,3,p17,Node_1_382_1009_1825,1009,-1014.54377230814
14,2,10,3,p17,Node_1_161_1245_3650,1245,351.162620672082
14,2,10,3,p17,Node_1_535_1171_1825,1171,-201.927044003943
14,2,10,3,p17,Node_1_446_2005_3650,2005,270.263373129003
14,2,10,3,p17,Node_1_9_2000_3650,2000,1304.47918689254
14,2,10,3,p17,Node_1_825_139_3650,139,-1330.18564715156
14,2,10,3,p17,Node_1_1074_971_3650,971,-362.495665466053
14,2,10,3,p17,Node_1_1171_3553_3650,3553,2821.29487010542
14,2,10,3,p17,Node_1_1095_254_1825,254,-674.087488355681
14,2,10,3,p17,Node_1_706_772_3650,772,45.8937820484641
14,2,10,3,p17,Node_1_97_2576_3650,2576,3478.70667896117
14,2,10,3,p17,Node_1_475_945_1825,945,-29.8438607085211
14,2,10,3,p17,Node_1_1043_397_1825,397,362.905059799575
14,2,10,3,p17,Node_1_1065_209_3650,209,363.020716300133
14,2,10,3,p17,Node_1_114_120_3650,120,363.020716300133
14,2,10,3,p17,Node_1_1101_15_3650,15,-706.413480384053
14,2,10,3,p17,Node_1_1236_587_1825,587,-712.957642838774
14,2,10,3,p17,Node_1_358_1783_1825,1783,2343.81013411811
14,2,10,3,p17,Node_1_610_1367_3650,1367,94.5129236419283
14,2,10,3,p17,Node_1_188_1751_3650,1751,950.036766141315
14,2,10,3,p17,Node_1_659_1786_1825,1786,-1034.55882167394
14,2,11,3,p17,Node_1_324_1249_1825,1249,961.252439184245
14,2,11,3,p17,Node_1_358_1783_1825,1783,1807.2978811035
14,2,11,3,p17,Node_1_610_1367_3650,1367,515.963097902316
14,2,11,3,p17,Node_1_1043_397_1825,397,518.8065526372
14,2,11,3,p17,Node_1_644_3325_3650,3325,2704.55365508426
14,2,11,3,p17,Node_1_643_1737_3650,1737,1334.00847287031
14,2,11,3,p17,Node_1_188_1751_3650,1751,3649.99999999
14,2,11,3,p17,Node_1_1074_971_3650,971,515.251822282995
14,2,11,3,p17,Node_1_1095_254_1825,254,-135.023693224576
14,2,11,3,p17,Node_1_917_1833_3650,1833,2593.29795055217
14,2,11,3,p17,Node_1_1035_1403_3650,1403,-166.430236314451
14,2,11,3,p17,Node_1_97_2576_3650,2576,3038.82709342457
14,2,11,3,p17,Node_1_1171_3553_3650,3553,3649.99999999
14,2,11,3,p17,Node_1_659_1786_1825,1786,1797.3215390502
14,2,11,3,p17,Node_1_446_2005_3650,2005,422.612495028566
14,2,11,3,p17,Node_1_706_772_3650,772,189.100816032216
14,2,11,3,p17,Node_1_1011_1750_3650,1750,1965.11785874489
14,2,11,3,p17,Node_1_1065_209_3650,209,-344.24129510318
14,2,11,3,p17,Node_1_123_269_1825,269,355.004591948955
14,2,11,3,p17,Node_1_825_139_3650,139,102.761318068952
14,2,11,3,p17,Node_1_475_945_1825,945,-344.146458377035
14,2,11,3,p17,Node_1_382_1009_1825,1009,-333.402613291525
14,2,11,3,p17,Node_1_161_1245_3650,1245,1066.57719559105
14,2,11,3,p17,Node_1_1236_587_1825,587,-1078.83242351023
14,2,11,3,p17,Node_1_535_1171_1825,1171,1253.72813299234
14,2,11,3,p17,Node_1_111_1632_3650,1632,903.050524425037
14,2,11,3,p17,Node_1_9_2000_3650,2000,1025.57921529626
14,2,11,3,p17,Node_1_1101_15_3650,15,358.026883910856
14,2,11,3,p17,Node_1_114_120_3650,120,362.190043113682
14,2,11,3,p17,Node_1_557_616_3650,616,1049.56690130982
14,2,12,3,p17,Node_1_161_1245_3650,1245,1140.43709600976
14,2,12,3,p17,Node_1_111_1632_3650,1632,1788.42546856102
14,2,12,3,p17,Node_1_1065_209_3650,209,491.228110718205
14,2,12,3,p17,Node_1_825_139_3650,139,723.054204870072
14,2,12,3,p17,Node_1_535_1171_1825,1171,854.057481874339
14,2,12,3,p17,Node_1_446_2005_3650,2005,2114.00317924866
14,2,12,3,p17,Node_1_610_1367_3650,1367,196.434581123743
14,2,12,3,p17,Node_1_917_1833_3650,1833,1003.42534935396
14,2,12,3,p17,Node_1_358_1783_1825,1783,1663.7078644006
14,2,12,3,p17,Node_1_114_120_3650,120,-485.09404393986
14,2,12,3,p17,Node_1_382_1009_1825,1009,-2450.28548235677
14,2,12,3,p17,Node_1_1035_1403_3650,1403,1507.22376565004
14,2,12,3,p17,Node_1_1171_3553_3650,3553,2078.27016874017
14,2,12,3,p17,Node_1_324_1249_1825,1249,512.491350437176
14,2,12,3,p17,Node_1_97_2576_3650,2576,621.693269173867
14,2,12,3,p17,Node_1_1095_254_1825,254,-425.548068000578
14,2,12,3,p17,Node_1_1101_15_3650,15,-1080.47540620621
14,2,12,3,p17,Node_1_1043_397_1825,397,364.333392362647
14,2,12,3,p17,Node_1_475_945_1825,945,2005.43615216192
14,2,12,3,p17,Node_1_659_1786_1825,1786,1338.27299539118
14,2,12,3,p17,Node_1_188_1751_3650,1751,1665.31844780294
14,2,12,3,p17,Node_1_1236_587_1825,587,197.135773829516
14,2,12,3,p17,Node_1_557_616_3650,616,503.757999213388
14,2,12,3,p17,Node_1_9_2000_3650,2000,3534.99257604252
14,2,12,3,p17,Node_1_706_772_3650,772,-820.457404707391
14,2,12,3,p17,Node_1_1011_1750_3650,1750,1997.3607480452
14,2,12,3,p17,Node_1_1074_971_3650,971,-93.0365265031874
14,2,12,3,p17,Node_1_643_1737_3650,1737,2021.80525488283
14,2,12,3,p17,Node_1_644_3325_3650,3325,3642.33518751278
14,2,12,3,p17,Node_1_123_269_1825,269,-66.2518915179957
14,2,13,3,p17,Node_1_1035_1403_3650,1403,1175.96246194261
14,2,13,3,p17,Node_1_161_1245_3650,1245,627.187596406073
14,2,13,3,p17,Node_1_382_1009_1825,1009,1243.19078811844
14,2,13,3,p17,Node_1_9_2000_3650,2000,325.610618142546
14,2,13,3,p17,Node_1_1236_587_1825,587,547.703353851553
14,2,13,3,p17,Node_1_475_945_1825,945,956.140983520022
14,2,13,3,p17,Node_1_1065_209_3650,209,-1068.02609107932
14,2,13,3,p17,Node_1_917_1833_3650,1833,2330.78498234269
14,2,13,3,p17,Node_1_1074_971_3650,971,268.141376975864
14,2,13,3,p17,Node_1_825_139_3650,139,-990.018819887184
14,2,13,3,p17,Node_1_557_616_3650,616,1101.26443916045
14,2,13,3,p17,Node_1_1043_397_1825,397,487.457159163392
14,2,13,3,p17,Node_1_659_1786_1825,1786,3649.99999999
14,2,13,3,p17,Node_1_610_1367_3650,1367,878.818144632129
14,2,13,3,p17,Node_1_188_1751_3650,1751,639.411202077574
14,2,13,3,p17,Node_1_1095_254_1825,254,728.494844668756
14,2,13,3,p17,Node_1_535_1171_1825,1171,3649.99999999
14,2,13,3,p17,Node_1_97_2576_3650,2576,1601.97082230023
14,2,13,3,p17,Node_1_1171_3553_3650,3553,3026.21164548737
14,2,13,3,p17,Node_1_111_1632_3650,1632,1025.74869275966
14,2,13,3,p17,Node_1_114_120_3650,120,-800.381256541723
14,2,13,3,p17,Node_1_1101_15_3650,15,-787.740726790759
14,2,13,3,p17,Node_1_123_269_1825,269,729.954271140375
14,2,13,3,p17,Node_1_324_1249_1825,1249,442.405978622005
14,2,13,3,p17,Node_1_1011_1750_3650,1750,593.024831497743
14,2,13,3,p17,Node_1_446_2005_3650,2005,1517.75225003726
14,2,13,3,p17,Node_1_644_3325_3650,3325,3649.99999999
14,2,13,3,p17,Node_1_643_1737_3650,1737,2205.07130535888
14,2,13,3,p17,Node_1_358_1783_1825,1783,1039.34392291181
14,2,13,3,p17,Node_1_706_772_3650,772,-765.938984045295
14,2,14,3,p17,Node_1_659_1786_1825,1786,2929.42116736272
14,2,14,3,p17,Node_1_917_1833_3650,1833,1785.55835433889
14,2,14,3,p17,Node_1_1035_1403_3650,1403,-269.357841079686
14,2,14,3,p17,Node_1_1236_587_1825,587,-49.014251456961
14,2,14,3,p17,Node_1_557_616_3650,616,442.934306656138
14,2,14,3,p17,Node_1_9_2000_3650,2000,432.810179312705
14,2,14,3,p17,Node_1_825_139_3650,139,725.054636979101
14,2,14,3,p17,Node_1_161_1245_3650,1245,936.3609009305
14,2,14,3,p17,Node_1_1043_397_1825,397,-526.002685497758
14,2,14,3,p17,Node_1_610_1367_3650,1367,626.407832327048
14,2,14,3,p17,Node_1_324_1249_1825,1249,570.141048214016
14,2,14,3,p17,Node_1_114_120_3650,120,360.073735005589
14,2,14,3,p17,Node_1_1065_209_3650,209,275.16794781576
14,2,14,3,p17,Node_1_188_1751_3650,1751,632.347315148059
14,2,14,3,p17,Node_1_1101_15_3650,15,-69.5449305285327
14,2,14,3,p17,Node_1_446_2005_3650,2005,3649.99999999
14,2,14,3,p17,Node_1_97_2576_3650,2576,2631.70282240464
14,2,14,3,p17,Node_1_1095_254_1825,254,726.178269787686
14,2,14,3,p17,Node_1_706_772_3650,772,726.178269787686
14,2,14,3,p17,Node_1_535_1171_1825,1171,728.236633684511
14,2,14,3,p17,Node_1_123_269_1825,269,730.017323333093
14,2,14,3,p17,Node_1_382_1009_1825,1009,1065.6277102922
14,2,14,3,p17,Node_1_475_945_1825,945,151.974375386254
14,2,14,3,p17,Node_1_1011_1750_3650,1750,2332.41935378397
14,2,14,3,p17,Node_1_1074_971_3650,971,621.656611352119
14,2,14,3,p17,Node_1_358_1783_1825,1783,868.03502654764
14,2,14,3,p17,Node_1_1171_3553_3650,3553,3337.02663723965
14,2,14,3,p17,Node_1_111_1632_3650,1632,141.529511323787
14,2,14,3,p17,Node_1_644_3325_3650,3325,3275.8813790262
14,2,14,3,p17,Node_1_643_1737_3650,1737,2048.41437924496
14,2,15,3,p17,Node_1_644_3325_3650,3325,1232.97865034831
14,2,15,3,p17,Node_1_643_1737_3650,1737,834.284578055427
14,2,15,3,p17,Node_1_9_2000_3650,2000,994.106006276188
14,2,15,3,p17,Node_1_1035_1403_3650,1403,-1241.70380707805
14,2,15,3,p17,Node_1_324_1249_1825,1249,658.478397711326
14,2,15,3,p17,Node_1_1043_397_1825,397,497.147793845568
14,2,15,3,p17,Node_1_1236_587_1825,587,1213.0402219838
14,2,15,3,p17,Node_1_1095_254_1825,254,-677.089193561709
14,2,15,3,p17,Node_1_358_1783_1825,1783,1835.78441251735
14,2,15,3,p17,Node_1_917_1833_3650,1833,3084.10951902792
14,2,15,3,p17,Node_1_535_1171_1825,1171,667.397253895073
14,2,15,3,p17,Node_1_114_120_3650,120,-1059.94402532679
14,2,15,3,p17,Node_1_825_139_3650,139,-1473.57805353467
14,2,15,3,p17,Node_1_659_1786_1825,1786,76.7027003067349
14,2,15,3,p17,Node_1_557_616_3650,616,-136.828027437936
14,2,15,3,p17,Node_1_161_1245_3650,1245,655.765698700373
14,2,15,3,p17,Node_1_1011_1750_3650,1750,34.1949484262055
14,2,15,3,p17,Node_1_97_2576_3650,2576,3241.29547911355
14,2,15,3,p17,Node_1_610_1367_3650,1367,-733.332551315067
14,2,15,3,p17,Node_1_123_269_1825,269,723.755111686938
14,2,15,3,p17,Node_1_1101_15_3650,15,3278.75175832892
14,2,15,3,p17,Node_1_706_772_3650,772,-1474.28267951941
14,2,15,3,p17,Node_1_111_1632_3650,1632,1901.42303259118
14,2,15,3,p17,Node_1_1074_971_3650,971,52.0485896659993
14,2,15,3,p17,Node_1_1171_3553_3650,3553,2835.27121316982
14,2,15,3,p17,Node_1_1065_209_3650,209,-285.806015525599
14,2,15,3,p17,Node_1_475_945_1825,945,761.089824671601
14,2,15,3,p17,Node_1_446_2005_3650,2005,879.205464758894
14,2,15,3,p17,Node_1_382_1009_1825,1009,-1121.40192643068
14,2,15,3,p17,Node_1_188_1751_3650,1751,-335.573752413482
14,2,16,3,p17,Node_1_9_2000_3650,2000,886.148176317454
14,2,16,3,p17,Node_1_97_2576_3650,2576,2956.39389420039
14,2,16,3,p17,Node_1_446_2005_3650,2005,1768.95857311242
14,2,16,3,p17,Node_1_706_772_3650,772,544.144324476119
14,2,16,3,p17,Node_1_382_1009_1825,1009,418.274771896992
14,2,16,3,p17,Node_1_1074_971_3650,971,2181.05877742902
14,2,16,3,p17,Node_1_358_1783_1825,1783,1724.8981778956
14,2,16,3,p17,Node_1_917_1833_3650,1833,753.097078094182
14,2,16,3,p17,Node_1_123_269_1825,269,-1102.16931119282
14,2,16,3,p17,Node_1_1043_397_1825,397,-1102.16931119282
14,2,16,3,p17,Node_1_1065_209_3650,209,-442.634433726384
14,2,16,3,p17,Node_1_1095_254_1825,254,65.8417365419279
14,2,16,3,p17,Node_1_1011_1750_3650,1750,136.501517709375
14,2,16,3,p17,Node_1_825_139_3650,139,-969.524529234385
14,2,16,3,p17,Node_1_1101_15_3650,15,-969.524529234385
14,2,16,3,p17,Node_1_1035_1403_3650,1403,-113.636890131922
14,2,16,3,p17,Node_1_188_1751_3650,1751,171.192967483607
14,2,16,3,p17,Node_1_644_3325_3650,3325,3000.87914029789
14,2,16,3,p17,Node_1_643_1737_3650,1737,688.46759625639
14,2,16,3,p17,Node_1_610_1367_3650,1367,-17.1216288578984
14,2,16,3,p17,Node_1_161_1245_3650,1245,1896.5792331701
14,2,16,3,p17,Node_1_659_1786_1825,1786,2156.63912715796
14,2,16,3,p17,Node_1_535_1171_1825,1171,2133.39000225565
14,2,16,3,p17,Node_1_114_120_3650,120,-969.834226692423
14,2,16,3,p17,Node_1_475_945_1825,945,390.329328269027
14,2,16,3,p17,Node_1_324_1249_1825,1249,1387.1081147788
14,2,16,3,p17,Node_1_111_1632_3650,1632,988.971279736472
14,2,16,3,p17,Node_1_557_616_3650,616,-572.190495792988
14,2,16,3,p17,Node_1_1236_587_1825,587,605.210087019579
14,2,16,3,p17,Node_1_1171_3553_3650,3553,3649.99999999
14,2,17,3,p17,Node_1_97_2576_3650,2576,2018.66076991889
14,2,17,3,p17,Node_1_446_2005_3650,2005,1685.98696991227
14,2,17,3,p17,Node_1_358_1783_1825,1783,2126.69381240439
14,2,17,3,p17,Node_1_111_1632_3650,1632,691.621260732508
14,2,17,3,p17,Node_1_1065_209_3650,209,346.406851136184
14,2,17,3,p17,Node_1_123_269_1825,269,-215.584721388511
14,2,17,3,p17,Node_1_917_1833_3650,1833,-930.149947793435
14,2,17,3,p17,Node_1_324_1249_1825,1249,-846.403752238645
14,2,17,3,p17,Node_1_1236_587_1825,587,1820.47971787778
14,2,17,3,p17,Node_1_706_772_3650,772,8.09262995639432
14,2,17,3,p17,Node_1_1101_15_3650,15,8.09262995639432
14,2,17,3,p17,Node_1_659_1786_1825,1786,3372.4833489747
14,2,17,3,p17,Node_1_9_2000_3650,2000,968.939567684454
14,2,17,3,p17,Node_1_1011_1750_3650,1750,1910.65627262355
14,2,17,3,p17,Node_1_1043_397_1825,397,-364.560130483264
14,2,17,3,p17,Node_1_1095_254_1825,254,725.494381116833
14,2,17,3,p17,Node_1_161_1245_3650,1245,2316.8326167587
14,2,17,3,p17,Node_1_475_945_1825,945,1320.50498042052
14,2,17,3,p17,Node_1_825_139_3650,139,-237.928746454939
14,2,17,3,p17,Node_1_1074_971_3650,971,-176.244962473218
14,2,17,3,p17,Node_1_188_1751_3650,1751,106.179030995206
14,2,17,3,p17,Node_1_382_1009_1825,1009,627.639860794943
14,2,17,3,p17,Node_1_1171_3553_3650,3553,3536.45289008819
14,2,17,3,p17,Node_1_610_1367_3650,1367,765.112682531267
14,2,17,3,p17,Node_1_114_120_3650,120,395.688401881315
14,2,17,3,p17,Node_1_1035_1403_3650,1403,2883.26205806826
14,2,17,3,p17,Node_1_557_616_3650,616,1533.4171749575
14,2,17,3,p17,Node_1_535_1171_1825,1171,166.80735384125
14,2,17,3,p17,Node_1_643_1737_3650,1737,1006.58886938244
14,2,17,3,p17,Node_1_644_3325_3650,3325,3573.64498422472
14,2,18,3,p17,Node_1_97_2576_3650,2576,3649.99999999
14,2,18,3,p17,Node_1_475_945_1825,945,1053.82140331155
14,2,18,3,p17,Node_1_114_120_3650,120,-659.856781597206
14,2,18,3,p17,Node_1_557_616_3650,616,-671.692386902608
14,2,18,3,p17,Node_1_1236_587_1825,587,-254.566182104211
14,2,18,3,p17,Node_1_535_1171_1825,1171,781.699402362599
14,2,18,3,p17,Node_1_358_1783_1825,1783,815.696823837305
14,2,18,3,p17,Node_1_446_2005_3650,2005,473.613289850594
14,2,18,3,p17,Node_1_111_1632_3650,1632,725.952725152242
14,2,18,3,p17,Node_1_188_1751_3650,1751,2473.86409683787
14,2,18,3,p17,Node_1_324_1249_1825,1249,1287.81144304309
14,2,18,3,p17,Node_1_161_1245_3650,1245,3124.10880233392
14,2,18,3,p17,Node_1_825_139_3650,139,-667.714307378973
14,2,18,3,p17,Node_1_382_1009_1825,1009,372.285798071045
14,2,18,3,p17,Node_1_9_2000_3650,2000,1859.94973148659
14,2,18,3,p17,Node_1_706_772_3650,772,1819.36427438931
14,2,18,3,p17,Node_1_610_1367_3650,1367,1136.65639866027
14,2,18,3,p17,Node_1_644_3325_3650,3325,3395.03380306095
14,2,18,3,p17,Node_1_643_1737_3650,1737,2509.36583556648
14,2,18,3,p17,Node_1_917_1833_3650,1833,1558.97742293769
14,2,18,3,p17,Node_1_659_1786_1825,1786,1063.31514333825
14,2,18,3,p17,Node_1_1074_971_3650,971,188.365697520678
14,2,18,3,p17,Node_1_1011_1750_3650,1750,-657.706397830863
14,2,18,3,p17,Node_1_1035_1403_3650,1403,434.521399611408
14,2,18,3,p17,Node_1_1043_397_1825,397,456.463077608715
14,2,18,3,p17,Node_1_1101_15_3650,15,456.463077608715
14,2,18,3,p17,Node_1_1095_254_1825,254,456.256306940964
14,2,18,3,p17,Node_1_1171_3553_3650,3553,3126.8678393823
14,2,18,3,p17,Node_1_1065_209_3650,209,129.006285986528
14,2,18,3,p17,Node_1_123_269_1825,269,999.461121029881
14,2,19,3,p17,Node_1_557_616_3650,616,968.791317140035
14,2,19,3,p17,Node_1_446_2005_3650,2005,2197.25055515682
14,2,19,3,p17,Node_1_123_269_1825,269,725.019381965314
14,2,19,3,p17,Node_1_324_1249_1825,1249,1313.42049117104
14,2,19,3,p17,Node_1_706_772_3650,772,1638.20619538269
14,2,19,3,p17,Node_1_188_1751_3650,1751,2155.52949181625
14,2,19,3,p17,Node_1_1101_15_3650,15,-588.877892827875
14,2,19,3,p17,Node_1_114_120_3650,120,-588.795730680809
14,2,19,3,p17,Node_1_1095_254_1825,254,-588.795730680809
14,2,19,3,p17,Node_1_535_1171_1825,1171,2444.60086876456
14,2,19,3,p17,Node_1_610_1367_3650,1367,1597.3330984061
14,2,19,3,p17,Node_1_1011_1750_3650,1750,2540.55108113426
14,2,19,3,p17,Node_1_1065_209_3650,209,688.259749982656
14,2,19,3,p17,Node_1_825_139_3650,139,-535.851666404148
14,2,19,3,p17,Node_1_1074_971_3650,971,826.896222233556
14,2,19,3,p17,Node_1_358_1783_1825,1783,2153.57830453603
14,2,19,3,p17,Node_1_382_1009_1825,1009,792.491410507242
14,2,19,3,p17,Node_1_659_1786_1825,1786,2282.16311856238
14,2,19,3,p17,Node_1_9_2000_3650,2000,3155.94227977373
14,2,19,3,p17,Node_1_644_3325_3650,3325,3649.99999999
14,2,19,3,p17,Node_1_643_1737_3650,1737,1932.28672124969
14,2,19,3,p17,Node_1_111_1632_3650,1632,3649.99999999
14,2,19,3,p17,Node_1_1236_587_1825,587,550.465937586058
14,2,19,3,p17,Node_1_97_2576_3650,2576,2524.66283924471
14,2,19,3,p17,Node_1_1171_3553_3650,3553,3649.99999999
14,2,19,3,p17,Node_1_1043_397_1825,397,485.611774994685
14,2,19,3,p17,Node_1_161_1245_3650,1245,1200.43458969065
14,2,19,3,p17,Node_1_1035_1403_3650,1403,64.4108389325189
14,2,19,3,p17,Node_1_917_1833_3650,1833,591.048094399973
14,2,19,3,p17,Node_1_475_945_1825,945,1144.63600737645
14,2,20,3,p17,Node_1_324_1249_1825,1249,1138.69035836554
14,2,20,3,p17,Node_1_1171_3553_3650,3553,3649.99999999
14,2,20,3,p17,Node_1_1043_397_1825,397,73.6031285486515
14,2,20,3,p17,Node_1_1065_209_3650,209,-430.997311827692
14,2,20,3,p17,Node_1_1095_254_1825,254,154.456083160228
14,2,20,3,p17,Node_1_535_1171_1825,1171,154.456083160228
14,2,20,3,p17,Node_1_446_2005_3650,2005,1284.87691871331
14,2,20,3,p17,Node_1_1074_971_3650,971,249.612171739137
14,2,20,3,p17,Node_1_111_1632_3650,1632,1997.87198157065
14,2,20,3,p17,Node_1_97_2576_3650,2576,1333.73667535388
14,2,20,3,p17,Node_1_643_1737_3650,1737,1050.77948376994
14,2,20,3,p17,Node_1_644_3325_3650,3325,2038.80512702924
14,2,20,3,p17,Node_1_1236_587_1825,587,-118.427474977146
14,2,20,3,p17,Node_1_1011_1750_3650,1750,1631.5333194295
14,2,20,3,p17,Node_1_123_269_1825,269,-585.739499007758
14,2,20,3,p17,Node_1_114_120_3650,120,208.634526258715
14,2,20,3,p17,Node_1_659_1786_1825,1786,2149.72222401732
14,2,20,3,p17,Node_1_188_1751_3650,1751,3649.99999999
14,2,20,3,p17,Node_1_475_945_1825,945,1292.81034423443
14,2,20,3,p17,Node_1_358_1783_1825,1783,3172.17978613543
14,2,20,3,p17,Node_1_1101_15_3650,15,208.714073142855
14,2,20,3,p17,Node_1_382_1009_1825,1009,-187.404451702395
14,2,20,3,p17,Node_1_610_1367_3650,1367,1675.01818023417
14,2,20,3,p17,Node_1_917_1833_3650,1833,2308.30273111189
14,2,20,3,p17,Node_1_9_2000_3650,2000,1044.59928605509
14,2,20,3,p17,Node_1_706_772_3650,772,180.52791752425
14,2,20,3,p17,Node_1_557_616_3650,616,1394.78143439727
14,2,20,3,p17,Node_1_825_139_3650,139,52.2512300700911
14,2,20,3,p17,Node_1_1035_1403_3650,1403,1713.70510277694
14,2,20,3,p17,Node_1_161_1245_3650,1245,202.95319268218
14,2,21,3,p17,Node_1_446_2005_3650,2005,1094.95864583894
14,2,21,3,p17,Node_1_610_1367_3650,1367,425.307025713202
14,2,21,3,p17,Node_1_324_1249_1825,1249,-546.104559493844
14,2,21,3,p17,Node_1_114_120_3650,120,-559.462778045463
14,2,21,3,p17,Node_1_659_1786_1825,1786,1632.74270901397
14,2,21,3,p17,Node_1_1011_1750_3650,1750,1305.54221713637
14,2,21,3,p17,Node_1_1095_254_1825,254,136.382294317401
14,2,21,3,p17,Node_1_1035_1403_3650,1403,782.10509938904
14,2,21,3,p17,Node_1_358_1783_1825,1783,2503.10870739898
14,2,21,3,p17,Node_1_9_2000_3650,2000,1891.19499699384
14,2,21,3,p17,Node_1_97_2576_3650,2576,2001.8796996034
14,2,21,3,p17,Node_1_161_1245_3650,1245,1800.91771474448
14,2,21,3,p17,Node_1_475_945_1825,945,719.303860406786
14,2,21,3,p17,Node_1_111_1632_3650,1632,511.597367258968
14,2,21,3,p17,Node_1_1236_587_1825,587,12.1133598665883
14,2,21,3,p17,Node_1_1043_397_1825,397,-64.6120298651306
14,2,21,3,p17,Node_1_917_1833_3650,1833,639.031560816122
14,2,21,3,p17,Node_1_188_1751_3650,1751,1398.77721012984
14,2,21,3,p17,Node_1_123_269_1825,269,-149.796062148173
14,2,21,3,p17,Node_1_535_1171_1825,1171,1066.62420496208
14,2,21,3,p17,Node_1_1065_209_3650,209,834.902925700506
14,2,21,3,p17,Node_1_1171_3553_3650,3553,2072.51105630252
14,2,21,3,p17,Node_1_644_3325_3650,3325,2249.04182057713
14,2,21,3,p17,Node_1_643_1737_3650,1737,950.498151674213
14,2,21,3,p17,Node_1_382_1009_1825,1009,721.283742204202
14,2,21,3,p17,Node_1_706_772_3650,772,719.648936263567
14,2,21,3,p17,Node_1_1074_971_3650,971,686.004768546293
14,2,21,3,p17,Node_1_1101_15_3650,15,364.964522909211
14,2,21,3,p17,Node_1_825_139_3650,139,364.654228872191
14,2,21,3,p17,Node_1_557_616_3650,616,-1494.89679680053
14,2,22,3,p17,Node_1_917_1833_3650,1833,2409.01147528345
14,2,22,3,p17,Node_1_188_1751_3650,1751,2290.11351959431
14,2,22,3,p17,Node_1_643_1737_3650,1737,2015.49110210823
14,2,22,3,p17,Node_1_644_3325_3650,3325,3649.99999999
14,2,22,3,p17,Node_1_446_2005_3650,2005,1819.92098576167
14,2,22,3,p17,Node_1_9_2000_3650,2000,2618.9417021858
14,2,22,3,p17,Node_1_1074_971_3650,971,466.780982302194
14,2,22,3,p17,Node_1_1101_15_3650,15,-122.370185572028
14,2,22,3,p17,Node_1_1171_3553_3650,3553,3605.74645162792
14,2,22,3,p17,Node_1_1065_209_3650,209,-3.65060310904596
14,2,22,3,p17,Node_1_1011_1750_3650,1750,1016.47131889256
14,2,22,3,p17,Node_1_1043_397_1825,397,416.112131917411
14,2,22,3,p17,Node_1_382_1009_1825,1009,476.714688559038
14,2,22,3,p17,Node_1_475_945_1825,945,-121.86999326057
14,2,22,3,p17,Node_1_557_616_3650,616,994.311502799283
14,2,22,3,p17,Node_1_161_1245_3650,1245,1289.71651015957
14,2,22,3,p17,Node_1_659_1786_1825,1786,2516.48202031543
14,2,22,3,p17,Node_1_1095_254_1825,254,758.47117913883
14,2,22,3,p17,Node_1_706_772_3650,772,531.603872160139
14,2,22,3,p17,Node_1_825_139_3650,139,-118.40245574914
14,2,22,3,p17,Node_1_114_120_3650,120,-135.024851114474
14,2,22,3,p17,Node_1_123_269_1825,269,-132.798800441823
14,2,22,3,p17,Node_1_111_1632_3650,1632,1145.70608960979
14,2,22,3,p17,Node_1_358_1783_1825,1783,2305.44739974297
14,2,22,3,p17,Node_1_97_2576_3650,2576,2897.36723295367
14,2,22,3,p17,Node_1_1035_1403_3650,1403,1459.89620855524
14,2,22,3,p17,Node_1_610_1367_3650,1367,1387.25264602281
14,2,22,3,p17,Node_1_1236_587_1825,587,214.999092391576
14,2,22,3,p17,Node_1_535_1171_1825,1171,-882.488018327541
14,2,22,3,p17,Node_1_324_1249_1825,1249,614.005650259047
14,2,23,3,p17,Node_1_659_1786_1825,1786,2024.7244900246
14,2,23,3,p17,Node_1_557_616_3650,616,208.79909623149
14,2,23,3,p17,Node_1_9_2000_3650,2000,884.424895070978
14,2,23,3,p17,Node_1_1011_1750_3650,1750,1599.17246220765
14,2,23,3,p17,Node_1_610_1367_3650,1367,2896.24976434888
14,2,23,3,p17,Node_1_446_2005_3650,2005,1922.22404094345
14,2,23,3,p17,Node_1_111_1632_3650,1632,1019.03255483713
14,2,23,3,p17,Node_1_1065_209_3650,209,361.332990801018
14,2,23,3,p17,Node_1_825_139_3650,139,686.794980325858
14,2,23,3,p17,Node_1_1171_3553_3650,3553,3069.37859225433
14,2,23,3,p17,Node_1_1035_1403_3650,1403,775.970215763789
14,2,23,3,p17,Node_1_1101_15_3650,15,-412.081850802652
14,2,23,3,p17,Node_1_1236_587_1825,587,27.6858843340275
14,2,23,3,p17,Node_1_97_2576_3650,2576,1194.5864993121
14,2,23,3,p17,Node_1_706_772_3650,772,772.757629608976
14,2,23,3,p17,Node_1_324_1249_1825,1249,1083.87552457923
14,2,23,3,p17,Node_1_475_945_1825,945,-1534.41401027303
14,2,23,3,p17,Node_1_188_1751_3650,1751,-1211.46894761299
14,2,23,3,p17,Node_1_917_1833_3650,1833,-588.411190315369
14,2,23,3,p17,Node_1_1043_397_1825,397,-1754.7674526756
14,2,23,3,p17,Node_1_643_1737_3650,1737,3281.72543758062
14,2,23,3,p17,Node_1_644_3325_3650,3325,3649.99999999
14,2,23,3,p17,Node_1_1095_254_1825,254,-1205.5442097087
14,2,23,3,p17,Node_1_123_269_1825,269,-281.914267330361
14,2,23,3,p17,Node_1_382_1009_1825,1009,282.2233985108
14,2,23,3,p17,Node_1_1074_971_3650,971,2050.20464222522
14,2,23,3,p17,Node_1_535_1171_1825,1171,-187.877036803783
14,2,23,3,p17,Node_1_358_1783_1825,1783,1582.49241789834
14,2,23,3,p17,Node_1_114_120_3650,120,666.405832598143
14,2,23,3,p17,Node_1_161_1245_3650,1245,775.205167839921
14,2,24,3,p17,Node_1_446_2005_3650,2005,2680.82635203822
14,2,24,3,p17,Node_1_1011_1750_3650,1750,-59.0344592465067
14,2,24,3,p17,Node_1_1171_3553_3650,3553,3581.16072389651
14,2,24,3,p17,Node_1_1043_397_1825,397,1508.83329245687
14,2,24,3,p17,Node_1_917_1833_3650,1833,2062.79821414484
14,2,24,3,p17,Node_1_161_1245_3650,1245,259.02989822986
14,2,24,3,p17,Node_1_706_772_3650,772,425.20216917321
14,2,24,3,p17,Node_1_382_1009_1825,1009,1471.30916520281
14,2,24,3,p17,Node_1_1236_587_1825,587,396.24641988843
14,2,24,3,p17,Node_1_123_269_1825,269,-294.625401114548
14,2,24,3,p17,Node_1_97_2576_3650,2576,1687.36387286726
14,2,24,3,p17,Node_1_188_1751_3650,1751,2782.24330320399
14,2,24,3,p17,Node_1_9_2000_3650,2000,2401.22276800299
14,2,24,3,p17,Node_1_358_1783_1825,1783,2270.26628392935
14,2,24,3,p17,Node_1_557_616_3650,616,-826.303855552982
14,2,24,3,p17,Node_1_1035_1403_3650,1403,2078.39224174197
14,2,24,3,p17,Node_1_1065_209_3650,209,-489.629182691903
14,2,24,3,p17,Node_1_114_120_3650,120,7.8155903786988
14,2,24,3,p17,Node_1_475_945_1825,945,358.974642000117
14,2,24,3,p17,Node_1_1095_254_1825,254,365.033138378913
14,2,24,3,p17,Node_1_643_1737_3650,1737,1546.65749610984
14,2,24,3,p17,Node_1_644_3325_3650,3325,3649.99999999
14,2,24,3,p17,Node_1_324_1249_1825,1249,175.745651708882
14,2,24,3,p17,Node_1_825_139_3650,139,-410.461040964698
14,2,24,3,p17,Node_1_1101_15_3650,15,359.280859091622
14,2,24,3,p17,Node_1_111_1632_3650,1632,1096.04776785159
14,2,24,3,p17,Node_1_1074_971_3650,971,1661.83296849961
14,2,24,3,p17,Node_1_535_1171_1825,1171,2448.15267735026
14,2,24,3,p17,Node_1_659_1786_1825,1786,1122.43719470938
14,2,24,3,p17,Node_1_610_1367_3650,1367,935.989772950887
14,2,25,3,p17,Node_1_382_1009_1825,1009,751.716317392965
14,2,25,3,p17,Node_1_123_269_1825,269,-412.567324938602
14,2,25,3,p17,Node_1_475_945_1825,945,889.05899288358
14,2,25,3,p17,Node_1_358_1783_1825,1783,2765.83522825523
14,2,25,3,p17,Node_1_9_2000_3650,2000,369.38210189515
14,2,25,3,p17,Node_1_557_616_3650,616,295.6931628158
14,2,25,3,p17,Node_1_188_1751_3650,1751,1534.80409221952
14,2,25,3,p17,Node_1_324_1249_1825,1249,659.330361397485
14,2,25,3,p17,Node_1_1074_971_3650,971,513.979310576608
14,2,25,3,p17,Node_1_644_3325_3650,3325,1519.9023980287
14,2,25,3,p17,Node_1_643_1737_3650,1737,659.969236755435
14,2,25,3,p17,Node_1_1065_209_3650,209,437.817202240253
14,2,25,3,p17,Node_1_161_1245_3650,1245,608.21458866196
14,2,25,3,p17,Node_1_659_1786_1825,1786,1667.40015606112
14,2,25,3,p17,Node_1_1236_587_1825,587,-364.556758512407
14,2,25,3,p17,Node_1_825_139_3650,139,-364.750710795589
14,2,25,3,p17,Node_1_535_1171_1825,1171,806.059232447425
14,2,25,3,p17,Node_1_97_2576_3650,2576,2767.3386290363
14,2,25,3,p17,Node_1_114_120_3650,120,56.9146940495786
14,2,25,3,p17,Node_1_917_1833_3650,1833,1291.26381678976
14,2,25,3,p17,Node_1_1011_1750_3650,1750,1516.16260848881
14,2,25,3,p17,Node_1_1095_254_1825,254,-676.899535898766
14,2,25,3,p17,Node_1_1101_15_3650,15,-677.044926258379
14,2,25,3,p17,Node_1_1043_397_1825,397,-391.335074342661
14,2,25,3,p17,Node_1_1171_3553_3650,3553,3649.99999999
14,2,25,3,p17,Node_1_1035_1403_3650,1403,861.588701814144
14,2,25,3,p17,Node_1_111_1632_3650,1632,1048.57637211608
14,2,25,3,p17,Node_1_610_1367_3650,1367,791.567491407078
14,2,25,3,p17,Node_1_706_772_3650,772,-629.093357934355
14,2,25,3,p17,Node_1_446_2005_3650,2005,1018.03766453906
14,2,26,3,p17,Node_1_1035_1403_3650,1403,1559.98844418671
14,2,26,3,p17,Node_1_1065_209_3650,209,-73.1320789160743
14,2,26,3,p17,Node_1_825_139_3650,139,170.565609393203
14,2,26,3,p17,Node_1_114_120_3650,120,-245.212399360561
14,2,26,3,p17,Node_1_446_2005_3650,2005,3649.99999999
14,2,26,3,p17,Node_1_1171_3553_3650,3553,3649.99999999
14,2,26,3,p17,Node_1_161_1245_3650,1245,1551.42145599747
14,2,26,3,p17,Node_1_1101_15_3650,15,-140.863827659899
14,2,26,3,p17,Node_1_123_269_1825,269,-1630.31931385708
14,2,26,3,p17,Node_1_188_1751_3650,1751,363.32341328161
14,2,26,3,p17,Node_1_659_1786_1825,1786,1450.69039836604
14,2,26,3,p17,Node_1_706_772_3650,772,724.527882705117
14,2,26,3,p17,Node_1_1011_1750_3650,1750,455.537102030027
14,2,26,3,p17,Node_1_1095_254_1825,254,-372.464205242124
14,2,26,3,p17,Node_1_917_1833_3650,1833,2263.99919476812
14,2,26,3,p17,Node_1_1236_587_1825,587,167.13238676816
14,2,26,3,p17,Node_1_358_1783_1825,1783,910.444009278769
14,2,26,3,p17,Node_1_535_1171_1825,1171,-451.050951685565
14,2,26,3,p17,Node_1_475_945_1825,945,-1356.91027998278
14,2,26,3,p17,Node_1_1074_971_3650,971,-716.73472701253
14,2,26,3,p17,Node_1_557_616_3650,616,-988.552876689503
14,2,26,3,p17,Node_1_111_1632_3650,1632,1103.76749035321
14,2,26,3,p17,Node_1_97_2576_3650,2576,3519.89009166302
14,2,26,3,p17,Node_1_1043_397_1825,397,-563.633062775235
14,2,26,3,p17,Node_1_644_3325_3650,3325,2786.51893039792
14,2,26,3,p17,Node_1_643_1737_3650,1737,1151.58316781787
14,2,26,3,p17,Node_1_610_1367_3650,1367,-194.802832586382
14,2,26,3,p17,Node_1_382_1009_1825,1009,-534.151798840768
14,2,26,3,p17,Node_1_9_2000_3650,2000,1810.19861664897
14,2,26,3,p17,Node_1_324_1249_1825,1249,-175.664354761044
14,2,27,3,p17,Node_1_1065_209_3650,209,-30.9954682305596
14,2,27,3,p17,Node_1_610_1367_3650,1367,1857.92829760483
14,2,27,3,p17,Node_1_557_616_3650,616,-804.928984022344
14,2,27,3,p17,Node_1_917_1833_3650,1833,685.482390116664
14,2,27,3,p17,Node_1_188_1751_3650,1751,2592.98870253148
14,2,27,3,p17,Node_1_1011_1750_3650,1750,1249.74798056903
14,2,27,3,p17,Node_1_659_1786_1825,1786,866.106243615535
14,2,27,3,p17,Node_1_1095_254_1825,254,-777.905186056282
14,2,27,3,p17,Node_1_1236_587_1825,587,1808.22250752047
14,2,27,3,p17,Node_1_97_2576_3650,2576,3649.99999999
14,2,27,3,p17,Node_1_446_2005_3650,2005,395.183464843869
14,2,27,3,p17,Node_1_825_139_3650,139,-384.548482625366
14,2,27,3,p17,Node_1_114_120_3650,120,-384.548482625366
14,2,27,3,p17,Node_1_1171_3553_3650,3553,3649.99999999
14,2,27,3,p17,Node_1_324_1249_1825,1249,952.915425446479
14,2,27,3,p17,Node_1_535_1171_1825,1171,955.03006213809
14,2,27,3,p17,Node_1_161_1245_3650,1245,946.90323264925
14,2,27,3,p17,Node_1_9_2000_3650,2000,815.284381520252
14,2,27,3,p17,Node_1_643_1737_3650,1737,2485.23432555486
14,2,27,3,p17,Node_1_644_3325_3650,3325,2922.16127581483
14,2,27,3,p17,Node_1_1035_1403_3650,1403,1444.05215997935
14,2,27,3,p17,Node_1_1043_397_1825,397,-1195.66649965638
14,2,27,3,p17,Node_1_475_945_1825,945,54.3082620263136
14,2,27,3,p17,Node_1_123_269_1825,269,1088.64870963086
14,2,27,3,p17,Node_1_1101_15_3650,15,-658.28838204516
14,2,27,3,p17,Node_1_382_1009_1825,1009,-1195.99569418519
14,2,27,3,p17,Node_1_358_1783_1825,1783,1124.10609918185
14,2,27,3,p17,Node_1_1074_971_3650,971,1670.52061603362
14,2,27,3,p17,Node_1_706_772_3650,772,-740.278791947827
14,2,27,3,p17,Node_1_111_1632_3650,1632,1059.58144978071
14,2,28,3,p17,Node_1_123_269_1825,269,45.791402130121
14,2,28,3,p17,Node_1_161_1245_3650,1245,479.184602253557
14,2,28,3,p17,Node_1_382_1009_1825,1009,856.149098189353
14,2,28,3,p17,Node_1_111_1632_3650,1632,-628.529335299537
14,2,28,3,p17,Node_1_1043_397_1825,397,-992.294017370952
14,2,28,3,p17,Node_1_1171_3553_3650,3553,3649.99999999
14,2,28,3,p17,Node_1_9_2000_3650,2000,2497.34311630712
14,2,28,3,p17,Node_1_610_1367_3650,1367,895.484653386006
14,2,28,3,p17,Node_1_1065_209_3650,209,-338.021533587778
14,2,28,3,p17,Node_1_1095_254_1825,254,187.287827433629
14,2,28,3,p17,Node_1_659_1786_1825,1786,2022.21932923629
14,2,28,3,p17,Node_1_1101_15_3650,15,-834.657055412944
14,2,28,3,p17,Node_1_475_945_1825,945,-1684.54635697859
14,2,28,3,p17,Node_1_1236_587_1825,587,351.461424546196
14,2,28,3,p17,Node_1_114_120_3650,120,62.9537570268234
14,2,28,3,p17,Node_1_825_139_3650,139,-921.023520237596
14,2,28,3,p17,Node_1_1011_1750_3650,1750,485.650908041859
14,2,28,3,p17,Node_1_535_1171_1825,1171,700.952878225808
14,2,28,3,p17,Node_1_446_2005_3650,2005,2146.37760933896
14,2,28,3,p17,Node_1_557_616_3650,616,-868.302225871537
14,2,28,3,p17,Node_1_97_2576_3650,2576,-157.859371321797
14,2,28,3,p17,Node_1_1035_1403_3650,1403,2586.97415213668
14,2,28,3,p17,Node_1_1074_971_3650,971,2556.80813969168
14,2,28,3,p17,Node_1_188_1751_3650,1751,2258.33050134811
14,2,28,3,p17,Node_1_644_3325_3650,3325,1612.73582287457
14,2,28,3,p17,Node_1_643_1737_3650,1737,-591.810932855288
14,2,28,3,p17,Node_1_324_1249_1825,1249,-1126.69339363691
14,2,28,3,p17,Node_1_706_772_3650,772,-204.271898325067
14,2,28,3,p17,Node_1_358_1783_1825,1783,1709.58581899137
14,2,28,3,p17,Node_1_917_1833_3650,1833,2438.90253647245
14,2,29,3,p17,Node_1_557_616_3650,616,370.172520145437
14,2,29,3,p17,Node_1_97_2576_3650,2576,3649.99999999
14,2,29,3,p17,Node_1_1074_971_3650,971,169.321456494757
14,2,29,3,p17,Node_1_1035_1403_3650,1403,1400.33584943685
14,2,29,3,p17,Node_1_1171_3553_3650,3553,1704.67205987754
14,2,29,3,p17,Node_1_1236_587_1825,587,344.139708695526
14,2,29,3,p17,Node_1_9_2000_3650,2000,2178.89239032927
14,2,29,3,p17,Node_1_1101_15_3650,15,-922.894780669111
14,2,29,3,p17,Node_1_114_120_3650,120,-772.790088415082
14,2,29,3,p17,Node_1_610_1367_3650,1367,-105.606324880879
14,2,29,3,p17,Node_1_188_1751_3650,1751,492.946355557814
14,2,29,3,p17,Node_1_825_139_3650,139,908.146723976375
14,2,29,3,p17,Node_1_1095_254_1825,254,-476.416714787158
14,2,29,3,p17,Node_1_1065_209_3650,209,-923.607964896079
14,2,29,3,p17,Node_1_324_1249_1825,1249,70.6324557900804
14,2,29,3,p17,Node_1_706_772_3650,772,671.306144509355
14,2,29,3,p17,Node_1_358_1783_1825,1783,1017.31698914153
14,2,29,3,p17,Node_1_382_1009_1825,1009,19.4027420099512
14,2,29,3,p17,Node_1_643_1737_3650,1737,1915.48516115192
14,2,29,3,p17,Node_1_644_3325_3650,3325,2568.3014326918
14,2,29,3,p17,Node_1_535_1171_1825,1171,518.296321282551
14,2,29,3,p17,Node_1_1011_1750_3650,1750,1095.45073747895
14,2,29,3,p17,Node_1_659_1786_1825,1786,2013.03177768408
14,2,29,3,p17,Node_1_917_1833_3650,1833,274.853159252172
14,2,29,3,p17,Node_1_475_945_1825,945,-123.862801085465
14,2,29,3,p17,Node_1_161_1245_3650,1245,2681.65962308581
14,2,29,3,p17,Node_1_1043_397_1825,397,577.731829512522
14,2,29,3,p17,Node_1_446_2005_3650,2005,-179.0379920608
14,2,29,3,p17,Node_1_111_1632_3650,1632,253.837172286714
14,2,29,3,p17,Node_1_123_269_1825,269,725.135522465485
14,2,30,3,p17,Node_1_475_945_1825,945,1309.97596201557
14,2,30,3,p17,Node_1_111_1632_3650,1632,1873.78339272747
14,2,30,3,p17,Node_1_1065_209_3650,209,-471.490353613699
14,2,30,3,p17,Node_1_659_1786_1825,1786,-69.0410799220817
14,2,30,3,p17,Node_1_557_616_3650,616,-650.700681245938
14,2,30,3,p17,Node_1_644_3325_3650,3325,2671.05593038985
14,2,30,3,p17,Node_1_643_1737_3650,1737,7.43439942573372
14,2,30,3,p17,Node_1_1043_397_1825,397,-1491.61760106506
14,2,30,3,p17,Node_1_446_2005_3650,2005,1262.59307979728
14,2,30,3,p17,Node_1_535_1171_1825,1171,125.353659540606
14,2,30,3,p17,Node_1_706_772_3650,772,1318.1142170099
14,2,30,3,p17,Node_1_1171_3553_3650,3553,3191.21200095976
14,2,30,3,p17,Node_1_161_1245_3650,1245,612.963812092287
14,2,30,3,p17,Node_1_917_1833_3650,1833,2779.02672236388
14,2,30,3,p17,Node_1_1074_971_3650,971,-195.807959174713
14,2,30,3,p17,Node_1_610_1367_3650,1367,1784.21930036425
14,2,30,3,p17,Node_1_1101_15_3650,15,-758.307878967991
14,2,30,3,p17,Node_1_114_120_3650,120,247.10321293653
14,2,30,3,p17,Node_1_1095_254_1825,254,253.374488469856
14,2,30,3,p17,Node_1_123_269_1825,269,480.69584614462
14,2,30,3,p17,Node_1_825_139_3650,139,-797.781186729249
14,2,30,3,p17,Node_1_382_1009_1825,1009,359.464583821835
14,2,30,3,p17,Node_1_9_2000_3650,2000,1496.86375035034
14,2,30,3,p17,Node_1_324_1249_1825,1249,-625.823637321841
14,2,30,3,p17,Node_1_1011_1750_3650,1750,-325.609238268691
14,2,30,3,p17,Node_1_358_1783_1825,1783,2118.12719433596
14,2,30,3,p17,Node_1_188_1751_3650,1751,1382.00041243093
14,2,30,3,p17,Node_1_97_2576_3650,2576,3649.99999999
14,2,30,3,p17,Node_1_1035_1403_3650,1403,-40.5637118636696
14,2,30,3,p17,Node_1_1236_587_1825,587,-630.888559447601
